Street1,Street2,Borough,Lat,Lon
Front Street,Whitehall Street,Manhattan,40.702220,-74.012700
Bowling Green Row,Whitehall Street,Manhattan,40.704530,-74.013270
Marketfield Street,Whitehall Street,Manhattan,40.704620,-74.013250
Battery Place,Whitehall Street,Manhattan,40.704620,-74.013250
Coenties Slip,Front Street,Manhattan,40.702845,-74.010015
Front Street,Moore Street,Manhattan,40.702350,-74.012120
Cuyler's Alley,Front Street,Manhattan,40.703230,-74.009190
Front Street,Jackson Street,Manhattan,40.711030,-73.980530
Broad Street,Front Street,Manhattan,40.702530,-74.011380
Front Street,Gouverneur's Lane,Manhattan,40.704280,-74.007650
Front Street,Jone's Lane,Manhattan,40.704470,-74.007370
Front Street,Pine Street,Manhattan,40.705310,-74.006200
Depeyster Street,Front Street,Manhattan,40.705470,-74.005990
Front Street,Rector Street,Manhattan,40.706410,-74.004550
Front Street,Roosevelt Street,Manhattan,40.708790,-73.999240
Front Street,Montgomery Street,Manhattan,40.710700,-73.984750
Front Street,Gouverneur Slip,Manhattan,40.710800,-73.983495
Corlears Street,Front Street,Manhattan,40.711190,-73.978290
Bowery,Pearl Street,Manhattan,40.710860,-74.000690
Cherry Street,Pearl Street,Manhattan,40.709520,-74.001540
Pearl Street,Vandewater Street,Manhattan,40.711250,-74.000820
Oak Street,Pearl Street,Manhattan,40.710860,-74.000690
Chambers Street,Pearl Street,Manhattan,40.711700,-74.000870
Pearl Street,Stone Street,Manhattan,40.704770,-74.009720
Old Slip,Pearl Street,Manhattan,40.704665,-74.009585
Chatham Street,Pearl Street,Manhattan,40.713100,-74.000755
Broadway,Pearl Street,Manhattan,40.715760,-74.004960
Ferry Street,Pearl Street,Manhattan,40.708750,-74.002470
Hague Street,Pearl Street,Manhattan,40.710370,-74.001020
Pearl Street,Rose Street,Manhattan,40.711700,-74.000870
John Street,Pearl Street,Manhattan,40.707380,-74.005480
City Hall Place,Pearl Street,Manhattan,40.713740,-74.001570
Elm Street,Pearl Street,Manhattan,40.715090,-74.003560
Park Street,Pearl Street,Manhattan,40.714220,-74.002240
Moore Street,South Street,Manhattan,40.701670,-74.011800
Cuyler's Alley,South Street,Manhattan,40.702810,-74.008710
Jackson Street,South Street,Manhattan,40.710530,-73.980460
Gouverneur's Lane,South Street,Manhattan,40.703820,-74.007080
Jone's Lane,South Street,Manhattan,40.704000,-74.006790
Depeyster Street,South Street,Manhattan,40.705000,-74.005250
Roosevelt Street,South Street,Manhattan,40.708790,-73.999240
James Slip,South Street,Manhattan,40.708990,-73.997870
Oliver Street,South Street,Manhattan,40.709090,-73.997020
Catherine Street,South Street,Manhattan,40.709220,-73.996065
Market Street,South Street,Manhattan,40.709530,-73.994010
Gouverneur Slip,South Street,Manhattan,40.710300,-73.983425
Corlears Street,South Street,Manhattan,40.710690,-73.978230
Bowling Green Row,State Street,Manhattan,40.704560,-74.014140
Cuyler's Alley,Water Street,Manhattan,40.703680,-74.009690
Gouverneur's Lane,Water Street,Manhattan,40.704730,-74.008180
Depeyster Street,Water Street,Manhattan,40.705840,-74.006560
Rector Street,Water Street,Manhattan,40.706900,-74.005050
Roosevelt Street,Water Street,Manhattan,40.709320,-73.999410
James Slip,Water Street,Manhattan,40.709540,-73.998020
Oliver Street,Water Street,Manhattan,40.709650,-73.997170
Catherine Street,Water Street,Manhattan,40.709775,-73.996200
Market Street,Water Street,Manhattan,40.710070,-73.994060
Pike Slip,Water Street,Manhattan,40.710370,-73.991990
Rutgers Slip,Water Street,Manhattan,40.710700,-73.989690
Jefferson Street,Water Street,Manhattan,40.710870,-73.988200
Clinton Street,Water Street,Manhattan,40.711030,-73.986700
Gouverneur Slip,Water Street,Manhattan,40.711320,-73.983570
Scammel Street,Water Street,Manhattan,40.711370,-73.983050
Corlears Street,Water Street,Manhattan,40.711713,-73.978362
James Street,Water Street,Manhattan,40.709536,-73.998048
Bowery,Madison Street,Manhattan,40.711810,-73.999670
Bowery,Oak Street,Manhattan,40.710860,-74.000690
Bowery,Chesnut Street,Manhattan,40.711240,-74.000290
Bowery,Chambers Street,Manhattan,40.711300,-74.000220
Bowery,Roosevelt Street,Manhattan,40.711650,-73.999830
Bowery,James Street,Manhattan,40.712610,-73.998890
Bowery,Oliver Street,Manhattan,40.713390,-73.998160
Bavard Street,Bowery,Manhattan,40.715060,-73.996870
Bowery,Delancy Street,Manhattan,40.720430,-73.993960
6th Street,Bowery,Manhattan,40.728380,-73.990890
5th Street,Bowery,Manhattan,40.727733,-73.991298
3rd Avenue,Bowery,Manhattan,40.728363,-73.990812
Cherry Street,Mechanic's Alley,Manhattan,40.710775,-73.992660
Chambers Street,Cherry Street,Manhattan,40.709985,-73.998134
Cherry Street,Dover Street,Manhattan,40.709520,-74.001540
Cherry Street,Roosevelt Street,Manhattan,40.709824,-73.999493
Cherry Street,James Slip,Manhattan,40.709970,-73.998110
Cherry Street,James Street,Manhattan,40.709977,-73.998141
Cherry Street,Oliver Street,Manhattan,40.710082,-73.997293
Cherry Street,Gouverneur Street,Manhattan,40.711856,-73.983680
Cherry Street,Scammel Street,Manhattan,40.711918,-73.983130
Cherry Street,Corlears Street,Manhattan,40.712426,-73.978456
Cherry Street,East Street,Manhattan,40.712690,-73.976520
Mechanic's Alley,Monroe Street,Manhattan,40.711720,-73.992750
Hamilton Street,Monroe Street,Manhattan,40.711630,-73.993690
Jackson Street,Monroe Street,Manhattan,40.712910,-73.980750
Monroe Street,Rutgers Street,Manhattan,40.711920,-73.989890
Jefferson Street,Monroe Street,Manhattan,40.712090,-73.988380
Clinton Street,Monroe Street,Manhattan,40.712230,-73.986890
Monroe Street,Scammel Street,Manhattan,40.712610,-73.983190
Corlears Street,Monroe Street,Manhattan,40.713125,-73.978530
Grand Street,Monroe Street,Manhattan,40.713310,-73.977450
Monroe Street,Tompkins Street,Manhattan,40.713310,-73.977450
Catherine Street,Hamilton Street,Manhattan,40.710900,-73.996620
Hamilton Street,Market Street,Manhattan,40.711430,-73.994240
Henry Street,Jackson Street,Manhattan,40.714230,-73.980880
Cannon Street,Jackson Street,Manhattan,40.714230,-73.980880
Chesnut Street,Madison Street,Manhattan,40.711720,-74.000370
Chambers Street,Madison Street,Manhattan,40.711700,-74.000870
Madison Street,Roosevelt Street,Manhattan,40.711790,-73.999860
Madison Street,Scammel Street,Manhattan,40.713290,-73.983270
Goerck Street,Madison Street,Manhattan,40.713730,-73.979170
Frankfort Street,Vandewater Street,Manhattan,40.710590,-74.002930
Chesnut Street,Oak Street,Manhattan,40.710840,-74.000200
Chambers Street,Oak Street,Manhattan,40.710900,-73.999600
Oak Street,Roosevelt Street,Manhattan,40.710890,-73.999700
James Street,Oak Street,Manhattan,40.711040,-73.998430
Oak Street,Oliver Street,Manhattan,40.711100,-73.997580
Catherine Street,Oak Street,Manhattan,40.711170,-73.996690
Chambers Street,Chesnut Street,Manhattan,40.711350,-74.000300
Batavia Street,Chambers Street,Manhattan,40.710549,-73.999018
Chambers Street,William Street,Manhattan,40.712260,-74.002120
Chambers Street,Chatham Street,Manhattan,40.712600,-74.002940
Chambers Street,Washington Street,Manhattan,40.716640,-74.011650
Chambers Street,Roosevelt Street,Manhattan,40.710970,-73.999710
Chambers Street,Rose Street,Manhattan,40.711700,-74.000870
Chambers Street,Duane Street,Manhattan,40.712490,-74.002680
Chambers Street,James Slip,Manhattan,40.709970,-73.998110
Chambers Street,James Street,Manhattan,40.710024,-73.998164
Chambers Street,City Hall Place,Manhattan,40.713110,-74.004050
Chambers Street,College Place,Manhattan,40.715520,-74.009210
Chambers Street,Hudson Street,Manhattan,40.715520,-74.009210
Batavia Street,Roosevelt Street,Manhattan,40.710470,-73.999620
Batavia Street,James Street,Manhattan,40.710627,-73.998333
Bridge Street,Bridge Street Alley,Manhattan,40.703580,-74.013710
Old Slip,Stone Street,Manhattan,40.704770,-74.009720
Battery Place,Marketfield Street,Manhattan,40.704620,-74.013250
Broadway,Marketfield Street,Manhattan,40.704620,-74.013250
Exchange Place,Oyster Pastie Lane,Manhattan,40.706760,-74.012470
Oyster Pastie Lane,Trinity Place,Manhattan,40.707130,-74.013280
Broadway,Oyster Pastie Lane,Manhattan,40.706760,-74.012470
Jauncey Court,Wall Street,Manhattan,40.706640,-74.009920
Old Slip,William Street,Manhattan,40.704770,-74.009720
Frankfort Street,William Street,Manhattan,40.711500,-74.004520
Duane Street,William Street,Manhattan,40.712200,-74.002540
Spruce Street,William Street,Manhattan,40.710950,-74.005080
Chatham Street,North William Street,Manhattan,40.712460,-74.003590
Frankfort Street,North William Street,Manhattan,40.711500,-74.004520
Chatham Street,Nassau Street,Manhattan,40.711990,-74.005330
Chatham Street,Roosevelt Street,Manhattan,40.713190,-74.000100
Chatham Street,Frankfort Street,Manhattan,40.711990,-74.005330
Chatham Street,Duane Street,Manhattan,40.712630,-74.002750
Chatham Street,James Street,Manhattan,40.713310,-73.999070
Chatham Street,Oliver Street,Manhattan,40.713390,-73.998160
Catherine Street,Chatham Street,Manhattan,40.714030,-73.997580
Chatham Street,East Broadway,Manhattan,40.713420,-73.997700
Chatham Street,Tryon Row,Manhattan,40.712320,-74.004330
Chatham Street,Doyers Street,Manhattan,40.714040,-73.997640
Baxter Street,Chatham Street,Manhattan,40.713170,-74.000210
Chatham Street,Mott Street,Manhattan,40.713580,-73.998600
Chatham Street,Mulberry Street,Manhattan,40.713280,-73.999360
Broad Street,Nassau Street,Manhattan,40.707140,-74.010680
Frankfort Street,Nassau Street,Manhattan,40.711990,-74.005330
Broadway,Fulton Street,Manhattan,40.710880,-74.009050
Broadway,Courtlandt Street,Manhattan,40.709810,-74.009980
Broadway,Houston Street,Manhattan,40.725470,-73.996720
9th Avenue,Broadway,Manhattan,40.772550,-73.982330
Broadway,Waverley Place,Manhattan,40.729580,-73.993250
Amity Street,Broadway,Manhattan,40.727830,-73.994730
8th Avenue,Broadway,Manhattan,40.768010,-73.981940
Broadway,West 59th Street,Manhattan,40.768010,-73.981940
Broadway,Union Square,Manhattan,40.737100,-73.990300
Broadway,West 46th Street,Manhattan,40.758690,-73.985350
Broadway,West 24th Street,Manhattan,40.742290,-73.989190
Broadway,West 45th Street,Manhattan,40.757980,-73.985560
Courtlandt Street,Maiden Lane,Manhattan,40.709810,-74.009980
Liberty Street,Temple Street,Manhattan,40.709460,-74.011140
Liberty Street,Washington Street,Manhattan,40.710460,-74.013480
Cedar Street,Temple Street,Manhattan,40.709080,-74.011410
Temple Street,Thames Street,Manhattan,40.708770,-74.011640
Dey Street,Greenwich Street,Manhattan,40.711600,-74.012130
Courtlandt Street,Greenwich Street,Manhattan,40.710820,-74.012320
Greenwich Street,Hamersley Street,Manhattan,40.728920,-74.008580
Bubert Street,Greenwich Street,Manhattan,40.721470,-74.009890
Greenwich Street,Hammond Street,Manhattan,40.735740,-74.006790
Gansvoort Street,Greenwich Street,Manhattan,40.739390,-74.006420
Fulton Street,Washington Street,Manhattan,40.712570,-74.012780
Dey Street,Washington Street,Manhattan,40.711910,-74.012920
Duane Street,Washington Street,Manhattan,40.717550,-74.011430
Courtlandt Street,Washington Street,Manhattan,40.711190,-74.013180
Hamersley Street,Washington Street,Manhattan,40.728990,-74.009320
Reade Street,Washington Street,Manhattan,40.717200,-74.011520
Hoboken Street,Washington Street,Manhattan,40.725150,-74.010030
Park Place,Washington Street,Manhattan,40.714620,-74.012180
Murray Street,Washington Street,Manhattan,40.715270,-74.012030
Warren Street,Washington Street,Manhattan,40.715930,-74.011860
Jay Street,Washington Street,Manhattan,40.718210,-74.011240
Harrison Street,Washington Street,Manhattan,40.718860,-74.011120
Franklin Street,Washington Street,Manhattan,40.719530,-74.011010
North Moore Street,Washington Street,Manhattan,40.720190,-74.010910
Beach Street,Washington Street,Manhattan,40.720830,-74.010830
Bubert Street,Washington Street,Manhattan,40.721560,-74.010710
Charlton Street,Washington Street,Manhattan,40.727560,-74.009610
King Street,Washington Street,Manhattan,40.728280,-74.009460
Hammond Street,Washington Street,Manhattan,40.735500,-74.008360
Gansvoort Street,Washington Street,Manhattan,40.739380,-74.008030
Charles Alley,Washington Street,Manhattan,40.734500,-74.008450
10th Avenue,West 12th Street,Manhattan,40.740840,-74.009170
9th Avenue,West 12th Street,Manhattan,40.739610,-74.006340
Gansvoort Street,West 12th Street,Manhattan,40.739400,-74.005790
10th Avenue,West 72nd Street,Manhattan,40.778580,-73.981640
10th Avenue,West 32nd Street,Manhattan,40.753290,-74.000100
10th Avenue,West 60th Street,Manhattan,40.771000,-73.987170
10th Avenue,West 61st Street,Manhattan,40.771670,-73.986710
10th Avenue,West 62nd Street,Manhattan,40.772270,-73.986260
10th Avenue,West 63rd Street,Manhattan,40.772930,-73.985770
10th Avenue,West 64th Street,Manhattan,40.773560,-73.985330
10th Avenue,West 65th Street,Manhattan,40.774160,-73.984870
10th Avenue,West 66th Street,Manhattan,40.774820,-73.984400
10th Avenue,West 67th Street,Manhattan,40.775460,-73.983980
10th Avenue,West 68th Street,Manhattan,40.776090,-73.983510
10th Avenue,West 69th Street,Manhattan,40.776690,-73.983090
10th Avenue,West 70th Street,Manhattan,40.777330,-73.982600
10th Avenue,West 71st Street,Manhattan,40.777950,-73.982110
Dey Street,West Street,Manhattan,40.712310,-74.013810
Duane Street,West Street,Manhattan,40.717670,-74.012550
Courtlandt Street,West Street,Manhattan,40.711540,-74.014000
Hamersley Street,West Street,Manhattan,40.729100,-74.010540
Reade Street,West Street,Manhattan,40.717350,-74.012620
Hoboken Street,West Street,Manhattan,40.725260,-74.010940
Park Place,West Street,Manhattan,40.715070,-74.013180
Jay Street,West Street,Manhattan,40.718320,-74.012380
Franklin Street,West Street,Manhattan,40.719640,-74.012110
Beach Street,West Street,Manhattan,40.720920,-74.011860
Bubert Street,West Street,Manhattan,40.721640,-74.011700
Charlton Street,West Street,Manhattan,40.727660,-74.010660
King Street,West Street,Manhattan,40.728390,-74.010600
Hammond Street,West Street,Manhattan,40.735290,-74.009920
Gansvoort Street,West Street,Manhattan,40.739340,-74.009600
Charles Alley,West Street,Manhattan,40.734230,-74.010020
Burling Slip,Rector Street,Manhattan,40.706410,-74.004550
John Street,Rector Street,Manhattan,40.706900,-74.005050
Fulton Street,Rider's Alley,Manhattan,40.708910,-74.005260
Dey Street,John Street,Manhattan,40.710390,-74.009510
Ferry Street,Peck Slip,Manhattan,40.708750,-74.002470
Cliff Street,Ferry Street,Manhattan,40.709250,-74.002960
Ferry Street,Jacob Street,Manhattan,40.709740,-74.003480
Ferry Street,Gold Street,Manhattan,40.710290,-74.004010
4th Avenue,8th Street,Manhattan,40.729844,-73.990763
4th Avenue,7th Street,Manhattan,40.729157,-73.990944
4th Avenue,6th Street,Manhattan,40.728460,-73.991120
4th Avenue,East 59th Street,Manhattan,40.762910,-73.969820
4th Avenue,East 58th Street,Manhattan,40.762280,-73.970350
4th Avenue,East 15th Street,Manhattan,40.735329,-73.989899
4th Avenue,East 16th Street,Manhattan,40.735980,-73.989440
4th Avenue,East 17th Street,Manhattan,40.736559,-73.989011
4th Avenue,East 19th Street,Manhattan,40.737727,-73.988163
4th Avenue,East 20th Street,Manhattan,40.738317,-73.987724
4th Avenue,East 21st Street,Manhattan,40.738915,-73.987304
4th Avenue,East 22nd Street,Manhattan,40.739529,-73.986821
4th Avenue,East 23rd Street,Manhattan,40.740210,-73.986400
4th Avenue,East 24th Street,Manhattan,40.740860,-73.985930
4th Avenue,East 25th Street,Manhattan,40.741480,-73.985460
4th Avenue,East 26th Street,Manhattan,40.742100,-73.985000
4th Avenue,East 27th Street,Manhattan,40.742730,-73.984580
4th Avenue,East 28th Street,Manhattan,40.743320,-73.984100
4th Avenue,East 29th Street,Manhattan,40.743950,-73.983640
4th Avenue,East 30th Street,Manhattan,40.744580,-73.983170
4th Avenue,East 31st Street,Manhattan,40.745170,-73.982750
4th Avenue,East 32nd Street,Manhattan,40.745790,-73.982280
4th Avenue,East 33rd Street,Manhattan,40.746410,-73.981840
4th Avenue,East 34th Street,Manhattan,40.747090,-73.981360
4th Avenue,East 35th Street,Manhattan,40.747740,-73.980860
4th Avenue,East 36th Street,Manhattan,40.748380,-73.980400
4th Avenue,East 37th Street,Manhattan,40.748980,-73.979950
4th Avenue,East 38th Street,Manhattan,40.749630,-73.979480
4th Avenue,East 39th Street,Manhattan,40.750230,-73.979040
4th Avenue,East 40th Street,Manhattan,40.750840,-73.978590
4th Avenue,East 41st Street,Manhattan,40.751470,-73.978140
4th Avenue,East 42nd Street,Manhattan,40.752120,-73.977670
4th Avenue,East 43rd Street,Manhattan,40.752810,-73.977180
4th Avenue,East 44th Street,Manhattan,40.753410,-73.976710
4th Avenue,East 45th Street,Manhattan,40.754090,-73.976290
4th Avenue,East 46th Street,Manhattan,40.754680,-73.975790
4th Avenue,East 47th Street,Manhattan,40.755300,-73.975320
4th Avenue,East 48th Street,Manhattan,40.755910,-73.974860
4th Avenue,East 49th Street,Manhattan,40.756520,-73.974420
4th Avenue,East 50th Street,Manhattan,40.757160,-73.973950
4th Avenue,East 51st Street,Manhattan,40.757790,-73.973510
4th Avenue,East 52nd Street,Manhattan,40.758430,-73.973050
4th Avenue,East 53rd Street,Manhattan,40.759060,-73.972620
4th Avenue,East 54th Street,Manhattan,40.759690,-73.972170
4th Avenue,East 55th Street,Manhattan,40.760320,-73.971710
4th Avenue,East 56th Street,Manhattan,40.760950,-73.971250
4th Avenue,East 57th Street,Manhattan,40.761630,-73.970770
4th Avenue,East 60th Street,Manhattan,40.763560,-73.969340
4th Avenue,East 61st Street,Manhattan,40.764160,-73.968940
4th Avenue,East 62nd Street,Manhattan,40.764810,-73.968430
4th Avenue,East 63rd Street,Manhattan,40.765400,-73.967980
4th Avenue,East 64th Street,Manhattan,40.766040,-73.967510
4th Avenue,East 65th Street,Manhattan,40.766650,-73.967060
4th Avenue,East 66th Street,Manhattan,40.767310,-73.966620
4th Avenue,East 67th Street,Manhattan,40.767940,-73.966170
4th Avenue,East 68th Street,Manhattan,40.768540,-73.965710
4th Avenue,East 69th Street,Manhattan,40.769140,-73.965250
4th Avenue,East 70th Street,Manhattan,40.769810,-73.964780
4th Avenue,East 71st Street,Manhattan,40.770440,-73.964340
4th Avenue,East 72nd Street,Manhattan,40.771130,-73.963840
4th Avenue,East 6th Street,Manhattan,40.728503,-73.991120
Cliff Street,Hague Street,Manhattan,40.710350,-74.001940
Cliff Street,Frankfort Street,Manhattan,40.710135,-74.002125
Frankfort Street,Jacob Street,Manhattan,40.710450,-74.002690
Gold Street,Rider's Alley,Manhattan,40.708670,-74.006000
Gold Street,John Street,Manhattan,40.708220,-74.006550
Duane Street,Rose Street,Manhattan,40.711720,-74.002070
Duane Street,Reade Street,Manhattan,40.713080,-74.002960
City Hall Place,Duane Street,Manhattan,40.713370,-74.003070
Duane Street,Elm Street,Manhattan,40.714560,-74.004000
Duane Street,Park Street,Manhattan,40.713960,-74.003300
James Slip,James Street,Manhattan,40.709970,-73.998110
East Broadway,Sheriff Street,Manhattan,40.714740,-73.982530
East Broadway,Gouverneur Street,Manhattan,40.714560,-73.984060
East Broadway,Scammel Street,Manhattan,40.714610,-73.983440
Centre Street,Tryon Row,Manhattan,40.712690,-74.004480
Centre Street,City Hall Place,Manhattan,40.713110,-74.004050
Centre Street,Park Street,Manhattan,40.713960,-74.003300
Centre Street,Franklin Street,Manhattan,40.716360,-74.001250
Centre Street,Marion Street,Manhattan,40.720840,-73.997650
Division Street,Jefferson Street,Manhattan,40.714650,-73.988800
Clinton Street,Division Street,Manhattan,40.714770,-73.987280
Clinton Street,Hester Street,Manhattan,40.714770,-73.987280
Clinton Street,Delancy Street,Manhattan,40.717940,-73.985670
Avenue B,East 15th Street,Manhattan,40.730137,-73.977556
Avenue B,East 16th Street,Manhattan,40.730759,-73.977112
Avenue B,East 17th Street,Manhattan,40.731365,-73.976680
Avenue B,East 18th Street,Manhattan,40.731933,-73.976266
Avenue B,East 71st Street,Manhattan,40.765180,-73.951890
Avenue B,East 72nd Street,Manhattan,40.765860,-73.951370
Avenue B,East 1st Street,Manhattan,40.721370,-73.983890
Houston Street,Manhattan Street,Manhattan,40.719675,-73.977932
Houston Street,Sheriff Street,Manhattan,40.720175,-73.979678
Hamersley Street,Houston Street,Manhattan,40.728320,-74.002490
Bedford Street,Houston Street,Manhattan,40.728490,-74.002840
Houston Street,Willet Street,Manhattan,40.720370,-73.980580
Cannon Street,Houston Street,Manhattan,40.719612,-73.977998
Houston Street,Lewis Street,Manhattan,40.719383,-73.977168
Goerck Street,Houston Street,Manhattan,40.719118,-73.976336
Houston Street,Laurens Street,Manhattan,40.727010,-73.999820
Depau Place,Houston Street,Manhattan,40.727390,-74.000580
Houston Street,Varick Place,Manhattan,40.727750,-74.001310
Houston Street,Saint Clements Place,Manhattan,40.728120,-74.002060
Hancock Street,Houston Street,Manhattan,40.728490,-74.002840
Houston Street,Willett Street,Manhattan,40.720361,-73.980552
Cannon Street,Manhattan Street,Manhattan,40.719616,-73.977996
3rd Street,Manhattan Street,Manhattan,40.720334,-73.977456
East 2nd Street,Manhattan Street,Manhattan,40.719698,-73.977913
East Houston Street,Manhattan Street,Manhattan,40.719626,-73.977986
Grand Street,Sheriff Street,Manhattan,40.714740,-73.982530
Broome Street,Sheriff Street,Manhattan,40.715650,-73.982060
Rivington Street,Sheriff Street,Manhattan,40.717799,-73.980884
Sheriff Street,Stanton Street,Manhattan,40.718969,-73.980291
Delancy Street,Sheriff Street,Manhattan,40.716660,-73.981500
2nd Street,Sheriff Street,Manhattan,40.720380,-73.979560
East Houston Street,Sheriff Street,Manhattan,40.720134,-73.979705
Bedford Street,Hamersley Street,Manhattan,40.728410,-74.003170
Congress Street,Hamersley Street,Manhattan,40.728410,-74.003170
Hamersley Street,Hudson Street,Manhattan,40.728760,-74.007070
Hamersley Street,Varick Street,Manhattan,40.728610,-74.005360
Hamersley Street,Hancock Street,Manhattan,40.728410,-74.003170
Bedford Street,Congress Street,Manhattan,40.728410,-74.003170
Bedford Street,Hancock Street,Manhattan,40.728450,-74.003005
Congress Street,King Street,Manhattan,40.727660,-74.003270
Congress Street,Hancock Street,Manhattan,40.728410,-74.003170
City Hall Place,Reade Street,Manhattan,40.713320,-74.003260
Manhattan Place,Reade Street,Manhattan,40.714420,-74.005310
Elm Street,Reade Street,Manhattan,40.714020,-74.004450
Elm Street,Manhattan Place,Manhattan,40.714310,-74.004230
Mangin Street,Manhattan Place,Manhattan,40.716200,-73.976910
Elm Street,Grand Street,Manhattan,40.720090,-73.999110
Canal Street,Elm Street,Manhattan,40.718430,-74.000560
Elm Street,Franklin Street,Manhattan,40.716740,-74.002080
Elm Street,Worth Street,Manhattan,40.715610,-74.003110
Elm Street,Leonard Street,Manhattan,40.716180,-74.002630
Elm Street,White Street,Manhattan,40.717310,-74.001570
Elm Street,Howard Street,Manhattan,40.719200,-73.999810
Elm Street,Walker Street,Manhattan,40.717950,-74.001020
Catherine Lane,Elm Street,Manhattan,40.715920,-74.002860
Broome Street,Elm Street,Manhattan,40.721080,-73.998240
Elm Street,Spring Street,Manhattan,40.722350,-73.997150
Henry Street,Scammel Street,Manhattan,40.714000,-73.983350
Cannon Street,Henry Street,Manhattan,40.714230,-73.980880
Division Street,Montgomery Street,Manhattan,40.714920,-73.985370
Division Street,Gouverneur Street,Manhattan,40.715020,-73.984120
Grand Street,Scammel Street,Manhattan,40.714970,-73.983380
Scammel Street,Willet Street,Manhattan,40.714970,-73.983380
Corlears Street,Grand Street,Manhattan,40.713570,-73.978580
East Street,Grand Street,Manhattan,40.713010,-73.976570
Broome Street,East Street,Manhattan,40.713960,-73.976120
Delancy Slip,East Street,Manhattan,40.714960,-73.975585
East Street,Rivington Street,Manhattan,40.716100,-73.974980
Division Street,Grand Street,Manhattan,40.715050,-73.983670
Attorney Street,Grand Street,Manhattan,40.715700,-73.985830
Grand Street,Ridge Street,Manhattan,40.715450,-73.985020
Grand Street,Willet Street,Manhattan,40.714970,-73.983380
Cannon Street,Grand Street,Manhattan,40.714230,-73.980880
Goerck Street,Grand Street,Manhattan,40.713730,-73.979170
Grand Street,Mangin Street,Manhattan,40.713530,-73.978270
Grand Street,Tompkins Street,Manhattan,40.713310,-73.977450
Grand Street,Laurens Street,Manhattan,40.722360,-74.003740
Amity Street,Sullivan Street,Manhattan,40.730050,-73.999360
Canal Street,Vestry Street,Manhattan,40.722430,-74.006130
Canal Street,Hoboken Street,Manhattan,40.725150,-74.010030
Canal Street,Thompson Street,Manhattan,40.721780,-74.005250
Canal Street,Laurens Street,Manhattan,40.721310,-74.004620
Hudson Street,Watts Street,Manhattan,40.723960,-74.007910
Division Street,Essex Street,Manhattan,40.714540,-73.990280
Bavard Street,Division Street,Manhattan,40.714260,-73.994290
Division Street,Hester Street,Manhattan,40.714770,-73.987280
Division Street,Suffolk Street,Manhattan,40.714700,-73.988290
Division Street,Norfolk Street,Manhattan,40.714620,-73.989290
Attorney Street,Division Street,Manhattan,40.714850,-73.986260
Division Street,Ridge Street,Manhattan,40.714920,-73.985280
Division Street,Pitt Street,Manhattan,40.715010,-73.984320
Chrystie Street,Division Street,Manhattan,40.714140,-73.995940
Delancy Street,Essex Street,Manhattan,40.718700,-73.988170
Essex Market Place,Essex Street,Manhattan,40.717090,-73.989000
Delancy Street,Eldridge Street,Manhattan,40.719620,-73.991220
Bavard Street,Baxter Street,Manhattan,40.716220,-74.000120
Bavard Street,Mott Street,Manhattan,40.715610,-73.998510
Bavard Street,Mulberry Street,Manhattan,40.715910,-73.999320
Bavard Street,Elizabeth Street,Manhattan,40.715360,-73.997710
Bavard Street,Forsyth Street,Manhattan,40.714410,-73.994830
Bavard Street,Chrystie Street,Manhattan,40.714670,-73.995670
Park Street,Worth Street,Manhattan,40.714430,-74.000420
Baxter Street,Park Street,Manhattan,40.714430,-74.000420
Mission Place,Park Street,Manhattan,40.714390,-74.001250
Mott Street,Park Street,Manhattan,40.714510,-73.998800
Mulberry Street,Park Street,Manhattan,40.714470,-73.999560
Barclay Street,College Place,Manhattan,40.713320,-74.010940
College Place,Park Place,Manhattan,40.713860,-74.010540
College Place,Murray Street,Manhattan,40.714375,-74.010120
College Place,Warren Street,Manhattan,40.714930,-74.009640
College Place,West Broadway,Manhattan,40.715520,-74.009210
College Place,Hudson Street,Manhattan,40.715520,-74.009210
Hudson Street,West Broadway,Manhattan,40.715520,-74.009210
West Broadway,York Street,Manhattan,40.720990,-74.004930
Laurens Street,West Broadway,Manhattan,40.721310,-74.004620
Bubert Street,Hudson Street,Manhattan,40.721310,-74.008360
Hammond Street,Hudson Street,Manhattan,40.735850,-74.005970
Gansvoort Street,Hudson Street,Manhattan,40.739380,-74.005420
13th Avenue,Jane Street,Manhattan,40.738160,-74.011360
Bleecker Street,West 14th Street,Manhattan,40.740840,-74.005170
9th Avenue,Bleecker Street,Manhattan,40.740840,-74.005170
Bleecker Street,Greene Street,Manhattan,40.727290,-73.997440
Bleecker Street,Laurens Street,Manhattan,40.728050,-73.998930
Bleecker Street,Depau Place,Manhattan,40.728440,-73.999670
Bleecker Street,Varick Place,Manhattan,40.728800,-74.000440
Bleecker Street,Saint Clements Place,Manhattan,40.729170,-74.001180
Bleecker Street,Depau Row,Manhattan,40.728600,-74.000070
Bleecker Street,West 13th Street,Manhattan,40.740020,-74.005320
Bleecker Street,Commerce Street,Manhattan,40.732020,-74.003460
Bleecker Street,Hancock Street,Manhattan,40.729520,-74.001970
Bleecker Street,Downing Street,Manhattan,40.729810,-74.002160
Bleecker Street,Hammond Street,Manhattan,40.735960,-74.005120
Bleecker Street,Gansvoort Street,Manhattan,40.739380,-74.005420
13th Avenue,West 14th Street,Manhattan,40.743230,-74.010960
11th Avenue,West 14th Street,Manhattan,40.743230,-74.010960
9th Avenue,Gansvoort Street,Manhattan,40.739390,-74.006420
9th Avenue,West 72nd Street,Manhattan,40.777430,-73.978820
9th Avenue,West 27th Street,Manhattan,40.749000,-73.999440
9th Avenue,West 32nd Street,Manhattan,40.752110,-73.997220
9th Avenue,West 60th Street,Manhattan,40.769820,-73.984290
9th Avenue,West 61st Street,Manhattan,40.770480,-73.983850
9th Avenue,West 62nd Street,Manhattan,40.771100,-73.983430
9th Avenue,West 63rd Street,Manhattan,40.771730,-73.982970
9th Avenue,West 64th Street,Manhattan,40.772340,-73.982480
9th Avenue,West 65th Street,Manhattan,40.772980,-73.982030
9th Avenue,West 66th Street,Manhattan,40.773590,-73.981580
9th Avenue,West 67th Street,Manhattan,40.774220,-73.981140
9th Avenue,West 68th Street,Manhattan,40.774870,-73.980650
9th Avenue,West 69th Street,Manhattan,40.775500,-73.980190
9th Avenue,West 70th Street,Manhattan,40.776120,-73.979740
9th Avenue,West 71st Street,Manhattan,40.776740,-73.979320
Baxter Street,Franklin Street,Manhattan,40.715900,-74.000370
Beach Street,Saint Johns Lane,Manhattan,40.720370,-74.005970
Mission Place,Worth Street,Manhattan,40.714800,-74.001320
Baxter Street,Leonard Street,Manhattan,40.715180,-74.000550
Mulberry Street,Walker Street,Manhattan,40.717060,-73.998620
Hester Street,Suffolk Street,Manhattan,40.715040,-73.988120
Hester Street,Norfolk Street,Manhattan,40.715300,-73.988960
Saint Johns Lane,York Street,Manhattan,40.721080,-74.005860
Laight Street,Saint Johns Lane,Manhattan,40.721740,-74.005770
Bubert Street,Collister Street,Manhattan,40.721400,-74.009160
Mercer Street,Neilson Place,Manhattan,40.729980,-73.994060
Leroy Place,Mercer Street,Manhattan,40.726920,-73.996650
Mercer Street,Waverley Place,Manhattan,40.729980,-73.994060
Amity Street,Mercer Street,Manhattan,40.728200,-73.995560
Attorney Street,Broome Street,Manhattan,40.716640,-73.985360
Broome Street,Willet Street,Manhattan,40.715900,-73.982890
Broome Street,Goerck Street,Manhattan,40.714680,-73.978670
Broome Street,Mangin Street,Manhattan,40.714420,-73.977810
Broome Street,Tompkins Street,Manhattan,40.714180,-73.976970
Broome Street,Marion Street,Manhattan,40.720840,-73.997650
Broome Street,Laurens Street,Manhattan,40.723300,-74.002910
Broome Street,Clarke Street,Manhattan,40.724260,-74.004750
4th Street,Wooster Street,Manhattan,40.729550,-73.996580
Amity Street,Wooster Street,Manhattan,40.728940,-73.997100
University Place,Wooster Street,Manhattan,40.729550,-73.996580
Delancy Street,Forsyth Street,Manhattan,40.719870,-73.992070
Allen Street,Delancy Street,Manhattan,40.719390,-73.990470
Delancy Street,Orchard Street,Manhattan,40.719170,-73.989700
Delancy Street,Ludlow Street,Manhattan,40.718920,-73.988960
Essex Market Place,Ludlow Street,Manhattan,40.717320,-73.989770
Delancy Street,Suffolk Street,Manhattan,40.718180,-73.986500
Delancy Street,Norfolk Street,Manhattan,40.718440,-73.987350
Attorney Street,Delancy Street,Manhattan,40.717670,-73.984820
Delancy Street,Ridge Street,Manhattan,40.717420,-73.983990
Delancy Street,Pitt Street,Manhattan,40.717170,-73.983150
Rivington Street,Willet Street,Manhattan,40.718049,-73.981716
Stanton Street,Willet Street,Manhattan,40.719222,-73.981139
Delancy Street,Willet Street,Manhattan,40.716900,-73.982340
Willet Street,Willett Street,Manhattan,40.718435,-73.981526
Columbia Street,Stanton Street,Manhattan,40.718718,-73.979433
Columbia Street,Delancy Street,Manhattan,40.716410,-73.980700
Cannon Street,Rivington Street,Manhattan,40.717301,-73.979172
Cannon Street,Stanton Street,Manhattan,40.718461,-73.978582
Cannon Street,Delancy Street,Manhattan,40.716170,-73.979790
Lewis Street,Rivington Street,Manhattan,40.717052,-73.978361
Lewis Street,Stanton Street,Manhattan,40.718212,-73.977763
Delancy Street,Lewis Street,Manhattan,40.715940,-73.978970
8th Street,Lewis Street,Manhattan,40.723320,-73.975174
7th Street,Lewis Street,Manhattan,40.722655,-73.975502
6th Street,Lewis Street,Manhattan,40.722031,-73.975813
5th Street,Lewis Street,Manhattan,40.721370,-73.976161
4th Street,Lewis Street,Manhattan,40.720722,-73.976495
3rd Street,Lewis Street,Manhattan,40.720053,-73.976821
East 7th Street,Lewis Street,Manhattan,40.722665,-73.975497
East 6th Street,Lewis Street,Manhattan,40.722032,-73.975813
East 5th Street,Lewis Street,Manhattan,40.721376,-73.976158
East 4th Street,Lewis Street,Manhattan,40.720731,-73.976491
East 3rd Street,Lewis Street,Manhattan,40.720068,-73.976813
East Houston Street,Lewis Street,Manhattan,40.719384,-73.977167
Delancy Slip,Goerck Street,Manhattan,40.715720,-73.978090
Goerck Street,Rivington Street,Manhattan,40.716792,-73.977522
Goerck Street,Stanton Street,Manhattan,40.717960,-73.976916
Delancy Street,Goerck Street,Manhattan,40.715720,-73.978090
Delancy Slip,Mangin Street,Manhattan,40.715460,-73.977270
Mangin Street,Rivington Street,Manhattan,40.716566,-73.976686
Delancy Slip,Tompkins Street,Manhattan,40.715205,-73.976420
Delancy Slip,Delancy Street,Manhattan,40.715720,-73.978090
Rivington Street,Tompkins Street,Manhattan,40.716311,-73.975845
Stanton Street,Tompkins Street,Manhattan,40.717447,-73.975265
Rivington Street,Willett Street,Manhattan,40.718061,-73.981715
Marion Street,Spring Street,Manhattan,40.722320,-73.997070
Laurens Street,Spring Street,Manhattan,40.724530,-74.001880
MacDougal Street,Spring Street,Manhattan,40.725530,-74.004210
Clarke Street,Spring Street,Manhattan,40.725560,-74.004540
MacDougal Street,Vandam Street,Manhattan,40.726230,-74.003660
Marion Street,Prince Street,Manhattan,40.723700,-73.996540
Laurens Street,Prince Street,Manhattan,40.725760,-74.000840
Stanton Street,Willett Street,Manhattan,40.719219,-73.981129
Chrystie Street,Delancy Street,Manhattan,40.720130,-73.992890
Greene Street,Leroy Place,Manhattan,40.727290,-73.997440
Greene Street,Waverley Place,Manhattan,40.730340,-73.994840
Amity Street,Greene Street,Manhattan,40.728580,-73.996350
8th Street,Neilson Place,Manhattan,40.730940,-73.993250
Neilson Place,Waverley Place,Manhattan,40.729980,-73.994060
Laight Street,Thompson Street,Manhattan,40.721700,-74.005310
4th Street,Thompson Street,Manhattan,40.730290,-73.998080
Carroll Place,Thompson Street,Manhattan,40.728440,-73.999670
Amity Street,Thompson Street,Manhattan,40.729680,-73.998600
Carroll Place,Laurens Street,Manhattan,40.728050,-73.998930
Amity Street,Laurens Street,Manhattan,40.729300,-73.997860
Carroll Place,Depau Place,Manhattan,40.728440,-73.999670
MacDougal Street,Waverley Place,Manhattan,40.732210,-73.998590
Amity Street,MacDougal Street,Manhattan,40.730430,-74.000100
MacDougal Street,West Washington Place,Manhattan,40.731640,-73.999100
Clarke Street,Dominick Street,Manhattan,40.724920,-74.004650
East 14th Street,East 15th Street,Manhattan,40.726830,-73.971870
East 14th Street,Union Square,Manhattan,40.735210,-73.991710
Avenue D,East 14th Street,Manhattan,40.727438,-73.973310
5th Avenue,Waverley Place,Manhattan,40.731390,-73.996960
5th Avenue,Washington Alley,Manhattan,40.731830,-73.996640
Dry Dock Street,East 12th Street,Manhattan,40.726530,-73.975300
Avenue D,East 11th Street,Manhattan,40.725473,-73.974752
Dry Dock Street,East 11th Street,Manhattan,40.725900,-73.975750
Dry Dock Street,East 10th Street,Manhattan,40.725304,-73.976197
Astor Place,East 10th Street,Manhattan,40.730010,-73.987349
9th Street,Avenue C,Manhattan,40.725295,-73.977989
9th Street,Astor Place,Manhattan,40.729910,-73.988880
8th Street,Avenue C,Manhattan,40.724686,-73.978431
8th Street,Avenue A,Manhattan,40.726660,-73.983110
1st Avenue,8th Street,Manhattan,40.727591,-73.985312
2nd Avenue,8th Street,Manhattan,40.728618,-73.987686
3rd Avenue,8th Street,Manhattan,40.729545,-73.989949
8th Street,Lafayette Place,Manhattan,40.730120,-73.991330
7th Street,Avenue C,Manhattan,40.724100,-73.978890
3rd Avenue,7th Street,Manhattan,40.728918,-73.990396
7th Street,Leandert's Place,Manhattan,40.724970,-73.980940
3rd Avenue,6th Street,Manhattan,40.728360,-73.990830
5th Street,Avenue C,Manhattan,40.722907,-73.979722
4th Street,Avenue C,Manhattan,40.722299,-73.980157
4th Street,Lafayette Place,Manhattan,40.727860,-73.993140
4th Street,University Place,Manhattan,40.729550,-73.996580
4th Street,West Washington Place,Manhattan,40.733370,-74.002580
4th Street,Hammond Street,Manhattan,40.736180,-74.003530
4th Street,Gansvoort Street,Manhattan,40.739400,-74.003900
3rd Street,Avenue C,Manhattan,40.721661,-73.980612
3rd Street,Great Jones Street,Manhattan,40.726380,-73.991810
3rd Street,Tompkins Street,Manhattan,40.719059,-73.974505
2nd Street,Avenue C,Manhattan,40.721042,-73.981091
1st Street,Avenue A,Manhattan,40.722360,-73.986260
Avenue C,East 17th Street,Manhattan,40.730367,-73.974355
Avenue C,East 9th Street,Manhattan,40.725295,-73.977990
Avenue C,East 8th Street,Manhattan,40.724698,-73.978422
Avenue C,East 7th Street,Manhattan,40.724091,-73.978874
Avenue C,East 5th Street,Manhattan,40.722887,-73.979736
Avenue C,East 4th Street,Manhattan,40.722286,-73.980166
Avenue C,East 3rd Street,Manhattan,40.721674,-73.980603
Avenue C,East 2nd Street,Manhattan,40.721041,-73.981091
Avenue D,East 2nd Street,Manhattan,40.720042,-73.978727
Avenue A,East 59th Street,Manhattan,40.758670,-73.959770
Avenue A,East 58th Street,Manhattan,40.758040,-73.960190
Avenue A,East 15th Street,Manhattan,40.731106,-73.979872
Avenue A,East 16th Street,Manhattan,40.731755,-73.979404
Avenue A,East 17th Street,Manhattan,40.732342,-73.979000
Avenue A,East 18th Street,Manhattan,40.732921,-73.978579
Avenue A,East 19th Street,Manhattan,40.733511,-73.978140
Avenue A,East 20th Street,Manhattan,40.734100,-73.977731
Avenue A,East 21st Street,Manhattan,40.734683,-73.977285
Avenue A,East 22nd Street,Manhattan,40.735297,-73.976856
Avenue A,East 23rd Street,Manhattan,40.735950,-73.976330
Avenue A,East 24th Street,Manhattan,40.736640,-73.975850
Avenue A,East 54th Street,Manhattan,40.755430,-73.962080
Avenue A,East 55th Street,Manhattan,40.756050,-73.961650
Avenue A,East 56th Street,Manhattan,40.756700,-73.961170
Avenue A,East 57th Street,Manhattan,40.757380,-73.960720
Avenue A,East 60th Street,Manhattan,40.759290,-73.959270
Avenue A,East 61st Street,Manhattan,40.759920,-73.958770
Avenue A,East 62nd Street,Manhattan,40.760560,-73.958350
Avenue A,East 63rd Street,Manhattan,40.761160,-73.957900
Avenue A,East 64th Street,Manhattan,40.761780,-73.957450
Avenue A,East 65th Street,Manhattan,40.762400,-73.957010
Avenue A,East 66th Street,Manhattan,40.763040,-73.956550
Avenue A,East 67th Street,Manhattan,40.763660,-73.956070
Avenue A,East 68th Street,Manhattan,40.764300,-73.955600
Avenue A,East 69th Street,Manhattan,40.764910,-73.955180
Avenue A,East 70th Street,Manhattan,40.765560,-73.954690
Avenue A,East 71st Street,Manhattan,40.766170,-73.954260
Avenue A,East 72nd Street,Manhattan,40.766880,-73.953810
Avenue A,East 1st Street,Manhattan,40.722360,-73.986249
1st Avenue,East 31st Street,Manhattan,40.741880,-73.974930
1st Avenue,East 32nd Street,Manhattan,40.742500,-73.974490
2nd Avenue,Astor Place,Manhattan,40.730060,-73.986660
2nd Avenue,Stuyvesant Street,Manhattan,40.730046,-73.986653
3rd Avenue,East 7th Street,Manhattan,40.728951,-73.990373
3rd Avenue,East 6th Street,Manhattan,40.728375,-73.990818
Astor Place,Lafayette Place,Manhattan,40.729890,-73.991530
Astor Place,East 9th Street,Manhattan,40.729907,-73.988930
Astor Place,Stuyvesant Street,Manhattan,40.730020,-73.987210
Great Jones Street,Lafayette Place,Manhattan,40.727280,-73.993590
Amity Street,Great Jones Street,Manhattan,40.727830,-73.994730
University Place,Washington Place,Manhattan,40.730150,-73.996090
Christopher Street,Waverley Place,Manhattan,40.733800,-74.001455
University Place,Waverley Place,Manhattan,40.730730,-73.995590
Waverley Place,West 10th Street,Manhattan,40.734490,-74.001380
6th Avenue,Waverley Place,Manhattan,40.732940,-74.000060
Grove Street,Waverley Place,Manhattan,40.733760,-74.001440
Charles Street,Waverley Place,Manhattan,40.735140,-74.001580
Perry Street,Waverley Place,Manhattan,40.735770,-74.001750
Hammond Street,Waverley Place,Manhattan,40.736400,-74.001970
Bank Street,Waverley Place,Manhattan,40.737060,-74.002150
Gay Street,Waverley Place,Manhattan,40.733250,-74.000700
6th Avenue,Amity Street,Manhattan,40.731050,-74.001410
8th Avenue,Bank Street,Manhattan,40.736570,-74.005860
8th Avenue,West 59th Street,Manhattan,40.768010,-73.981940
8th Avenue,West 72nd Street,Manhattan,40.776220,-73.975930
8th Avenue,West 32nd Street,Manhattan,40.750920,-73.994440
8th Avenue,West 60th Street,Manhattan,40.768640,-73.981470
8th Avenue,West 61st Street,Manhattan,40.769280,-73.980970
8th Avenue,West 62nd Street,Manhattan,40.769880,-73.980500
8th Avenue,West 63rd Street,Manhattan,40.770540,-73.980040
8th Avenue,West 64th Street,Manhattan,40.771180,-73.979590
8th Avenue,West 65th Street,Manhattan,40.771780,-73.979160
8th Avenue,West 66th Street,Manhattan,40.772410,-73.978750
8th Avenue,West 67th Street,Manhattan,40.773050,-73.978300
8th Avenue,West 68th Street,Manhattan,40.773660,-73.977780
8th Avenue,West 69th Street,Manhattan,40.774280,-73.977330
8th Avenue,West 70th Street,Manhattan,40.774900,-73.976870
8th Avenue,West 71st Street,Manhattan,40.775520,-73.976420
University Place,Washington Alley,Manhattan,40.731200,-73.995130
Union Court,University Place,Manhattan,40.733680,-73.992970
13th Avenue,West 13th Street,Manhattan,40.742400,-74.011160
Gansvoort Street,West 13th Street,Manhattan,40.739400,-74.003900
13th Avenue,Bank Street,Manhattan,40.735730,-74.011570
13th Avenue,Bethune Street,Manhattan,40.736970,-74.011470
13th Avenue,Horatio Street,Manhattan,40.738760,-74.011310
13th Avenue,Gansvoort Street,Manhattan,40.739340,-74.011250
13th Avenue,West 15th Street,Manhattan,40.744050,-74.010690
11th Avenue,13th Avenue,Manhattan,40.743230,-74.010960
13th Avenue,West 16th Street,Manhattan,40.744760,-74.010440
13th Avenue,West 17th Street,Manhattan,40.745420,-74.010170
13th Avenue,West 18th Street,Manhattan,40.746100,-74.009920
13th Avenue,West 19th Street,Manhattan,40.746770,-74.009690
13th Avenue,West 20th Street,Manhattan,40.747420,-74.009440
13th Avenue,West 21st Street,Manhattan,40.748120,-74.009210
13th Avenue,West 22nd Street,Manhattan,40.748870,-74.008950
13th Avenue,West 23rd Street,Manhattan,40.749510,-74.008640
13th Avenue,West 24th Street,Manhattan,40.750310,-74.008320
Garden Row,West 11th Street,Manhattan,40.735490,-73.998540
Hammond Street,West 11th Street,Manhattan,40.736550,-74.001080
6th Avenue,Milligan Place,Manhattan,40.735020,-73.998560
6th Avenue,West 59th Street,Manhattan,40.765650,-73.976250
Grove Street,West Washington Place,Manhattan,40.733370,-74.002580
Greenwich Avenue,Hammond Street,Manhattan,40.736550,-74.001080
7th Avenue,Hammond Street,Manhattan,40.736550,-74.001080
7th Avenue,West 59th Street,Manhattan,40.766850,-73.979120
East 15th Street,Livingston Place,Manhattan,40.732693,-73.983661
East 15th Street,Union Square,Manhattan,40.735890,-73.991180
Avenue D,East 15th Street,Manhattan,40.728127,-73.972812
East 16th Street,Livingston Place,Manhattan,40.733360,-73.983220
East 16th Street,Union Square,Manhattan,40.736500,-73.990730
East 17th Street,Union Place,Manhattan,40.736560,-73.989010
East 17th Street,Livingston Place,Manhattan,40.733930,-73.982820
East 17th Street,Union Square,Manhattan,40.737100,-73.990300
East 18th Street,Union Place,Manhattan,40.737151,-73.988599
4th Avenue,East 18th Street,Manhattan,40.737141,-73.988575
East 19th Street,Union Place,Manhattan,40.737720,-73.988180
East 20th Street,Irving Place,Manhattan,40.737642,-73.986115
East 20th Street,Gramercy Place,Manhattan,40.737950,-73.986820
East 21st Street,Lexington Avenue,Manhattan,40.738239,-73.985668
East 21st Street,Gramercy Place,Manhattan,40.738556,-73.986443
11th Avenue,West 72nd Street,Manhattan,40.779830,-73.984510
Hudson River Railroad Street,West 72nd Street,Manhattan,40.780720,-73.986620
11th Avenue,West 31st Street,Manhattan,40.753960,-74.003330
11th Avenue,West 32nd Street,Manhattan,40.754560,-74.002880
11th Avenue,West 60th Street,Manhattan,40.772260,-73.990000
11th Avenue,West 61st Street,Manhattan,40.772860,-73.989520
11th Avenue,West 62nd Street,Manhattan,40.773490,-73.989090
11th Avenue,West 63rd Street,Manhattan,40.774140,-73.988680
11th Avenue,West 64th Street,Manhattan,40.774760,-73.988190
11th Avenue,West 65th Street,Manhattan,40.775370,-73.987710
11th Avenue,West 66th Street,Manhattan,40.776000,-73.987270
11th Avenue,West 67th Street,Manhattan,40.776610,-73.986810
11th Avenue,West 68th Street,Manhattan,40.777250,-73.986360
11th Avenue,West 69th Street,Manhattan,40.777890,-73.985910
11th Avenue,West 70th Street,Manhattan,40.778510,-73.985430
11th Avenue,West 71st Street,Manhattan,40.779130,-73.985030
11th Avenue,Hudson River Railroad Street,Manhattan,40.772260,-73.990000
Hudson River Railroad Street,West 60th Street,Manhattan,40.772260,-73.990000
Hudson River Railroad Street,West 61st Street,Manhattan,40.772940,-73.989720
Hudson River Railroad Street,West 62nd Street,Manhattan,40.773670,-73.989480
Hudson River Railroad Street,West 63rd Street,Manhattan,40.774420,-73.989320
Hudson River Railroad Street,West 64th Street,Manhattan,40.775150,-73.989170
Hudson River Railroad Street,West 65th Street,Manhattan,40.775860,-73.988930
Hudson River Railroad Street,West 66th Street,Manhattan,40.776580,-73.988640
Hudson River Railroad Street,West 67th Street,Manhattan,40.777250,-73.988300
Hudson River Railroad Street,West 68th Street,Manhattan,40.777930,-73.988000
Hudson River Railroad Street,West 69th Street,Manhattan,40.778630,-73.987650
Hudson River Railroad Street,West 70th Street,Manhattan,40.779270,-73.987330
Hudson River Railroad Street,West 71st Street,Manhattan,40.779980,-73.987010
Conover Street,Osage Street,Brooklyn,40.675487,-74.017199
Osage Street,Vanbrunt Street,Brooklyn,40.674685,-74.016029
Osage Street,Richards Street,Brooklyn,40.673704,-74.014609
Conover Street,Elizabeth Street,Brooklyn,40.676050,-74.016667
Elizabeth Street,Vanbrunt Street,Brooklyn,40.675202,-74.015437
Elizabeth Street,Richards Street,Brooklyn,40.674222,-74.013991
Doughty Street,Elizabeth Street,Brooklyn,40.702173,-73.994068
Elizabeth Street,Fulton Street,Brooklyn,40.702599,-73.993823
Ferris Street,Vandyke Street,Brooklyn,40.677577,-74.017527
Conover Street,Vandyke Street,Brooklyn,40.676586,-74.016056
Vanbrunt Street,Vandyke Street,Brooklyn,40.675732,-74.014805
Richards Street,Vandyke Street,Brooklyn,40.674750,-74.013367
Ferris Street,Partition Street,Brooklyn,40.678122,-74.016899
Conover Street,Partition Street,Brooklyn,40.677098,-74.015396
Partition Street,Vanbrunt Street,Brooklyn,40.676259,-74.014170
Partition Street,Richards Street,Brooklyn,40.675282,-74.012728
Dikeman Street,Vanbrunt Street,Brooklyn,40.676799,-74.013547
Vanbrunt Street,Wolcott Street,Brooklyn,40.677335,-74.012918
Sullivan Street,Vanbrunt Street,Brooklyn,40.677849,-74.012300
King Street,Vanbrunt Street,Brooklyn,40.678389,-74.011674
Clinton Wharf,William Street,Brooklyn,40.679779,-74.012266
Conover Street,William Street,Brooklyn,40.679779,-74.012266
Commercial Wharf,William Street,Brooklyn,40.679779,-74.012266
Hudson Street,William Street,Brooklyn,40.679365,-74.011668
Vanbrunt Street,William Street,Brooklyn,40.678934,-74.011053
Richards Street,William Street,Brooklyn,40.677958,-74.009571
Clinton Wharf,Ferris Street,Brooklyn,40.680830,-74.013720
Clinton Wharf,Conover Street,Brooklyn,40.679779,-74.012266
Clinton Wharf,South Pier Street,Brooklyn,40.681838,-74.015100
Commercial Wharf,Conover Street,Brooklyn,40.679779,-74.012266
Commercial Wharf,Ewen Street,Brooklyn,40.680844,-74.011027
Ewen Street,Hudson Street,Brooklyn,40.680439,-74.010427
Ewen Street,Vanbrunt Street,Brooklyn,40.680004,-74.009811
Commerce Street,Commercial Wharf,Brooklyn,40.681926,-74.009776
Commerce Street,Hudson Street,Brooklyn,40.681516,-74.009182
Commerce Street,Vanbrunt Street,Brooklyn,40.681074,-74.008555
Seabring Street,Vanbrunt Street,Brooklyn,40.681600,-74.007937
Bowne Street,Hudson Street,Brooklyn,40.682566,-74.007937
Bowne Street,Vanbrunt Street,Brooklyn,40.682127,-74.007308
Bowne Street,Columbia Street,Brooklyn,40.680509,-74.004880
Hamilton Avenue,Rapelyea Street,Brooklyn,40.681183,-74.004592
Rapelyea Street,Vanbrunt Street,Brooklyn,40.682642,-74.006680
Rapelyea Street,Richards Street,Brooklyn,40.681653,-74.005167
Columbia Street,Rapelyea Street,Brooklyn,40.681191,-74.004597
Henry Street,Rapelyea Street,Brooklyn,40.680103,-74.001330
Hicks Street,Rapelyea Street,Brooklyn,40.680558,-74.002898
3rd Place,Smith Street,Brooklyn,40.678254,-73.996113
Coles Street,Hicks Street,Brooklyn,40.679301,-74.003501
Hamilton Avenue,Luqueer Street,Brooklyn,40.678363,-74.002793
Court Street,Luqueer Street,Brooklyn,40.677138,-73.998411
Columbia Street,Luqueer Street,Brooklyn,40.679122,-74.005552
Luqueer Street,Smith Street,Brooklyn,40.676709,-73.996882
Clinton Street,Luqueer Street,Brooklyn,40.677699,-74.000406
Henry Street,Luqueer Street,Brooklyn,40.678212,-74.002258
Hicks Street,Luqueer Street,Brooklyn,40.678651,-74.003824
Henry Street,Nelson Street,Brooklyn,40.677557,-74.002556
Clinton Street,Huntington Street,Brooklyn,40.676412,-74.001027
Church Street,Hamilton Avenue,Brooklyn,40.675705,-74.001183
Church Street,Court Street,Brooklyn,40.675191,-73.999349
Church Street,Smith Street,Brooklyn,40.674767,-73.997820
Church Street,Clinton Street,Brooklyn,40.675752,-74.001344
Church Street,Henry Street,Brooklyn,40.676270,-74.003197
Court Street,Mill Street,Brooklyn,40.674548,-73.999660
Mill Street,Smith Street,Brooklyn,40.674121,-73.998140
Centre Street,Henry Street,Brooklyn,40.674985,-74.003804
Commercial Wharf,Hamilton Avenue,Brooklyn,40.684581,-74.006651
Hamilton Avenue,Hudson Street,Brooklyn,40.683961,-74.006275
Hamilton Avenue,North Pier Street,Brooklyn,40.686132,-74.007788
Hamilton Avenue,Vanbrunt Street,Brooklyn,40.683332,-74.005923
Caroll Street,Hamilton Avenue,Brooklyn,40.683768,-74.006163
Hamilton Avenue,President Street,Brooklyn,40.684725,-74.006733
Hamilton Avenue,Union Street,Brooklyn,40.685567,-74.007057
Hamilton Avenue,Hicks Street,Brooklyn,40.679424,-74.003462
Commercial Wharf,Indian Wharf,Brooklyn,40.683958,-74.007376
Commercial Wharf,Summit Street,Brooklyn,40.684036,-74.007282
Hudson Street,Summit Street,Brooklyn,40.683626,-74.006683
Indian Wharf,North Pier Street,Brooklyn,40.685699,-74.008487
Summit Street,Vanbrunt Street,Brooklyn,40.683195,-74.006038
Caroll Street,Vanbrunt Street,Brooklyn,40.683676,-74.005820
President Street,Vanbrunt Street,Brooklyn,40.684353,-74.005488
Union Street,Vanbrunt Street,Brooklyn,40.685007,-74.005165
Sackett Street,Vanbrunt Street,Brooklyn,40.685665,-74.004850
Degraw Street,Vanbrunt Street,Brooklyn,40.686333,-74.004523
Sedgwick Street,Vanbrunt Street,Brooklyn,40.687026,-74.004170
Irving Street,Vanbrunt Street,Brooklyn,40.687713,-74.003826
Harrison Street,Vanbrunt Street,Brooklyn,40.688464,-74.003456
Caroll Street,Court Street,Brooklyn,40.681064,-73.996518
Caroll Street,Columbia Street,Brooklyn,40.683056,-74.003643
Caroll Street,Smith Street,Brooklyn,40.680551,-73.994702
Caroll Street,Clinton Street,Brooklyn,40.681617,-73.998517
Caroll Street,Henry Street,Brooklyn,40.682134,-74.000360
Caroll Street,Hicks Street,Brooklyn,40.682578,-74.001936
Degraw Street,Thompkins Place,Brooklyn,40.684009,-73.996198
Columbia Street,Irving Street,Brooklyn,40.687091,-74.001701
Harrison Street,Thompkins Place,Brooklyn,40.685764,-73.995407
Harrison Street,Strong Place,Brooklyn,40.686391,-73.997324
Cheever Place,Harrison Street,Brooklyn,40.686923,-73.998932
Harrison Street,Tiffany Place,Brooklyn,40.687451,-74.000532
Court Street,Harrison Street,Brooklyn,40.685443,-73.994425
Columbia Street,Harrison Street,Brooklyn,40.687752,-74.001357
Clinton Street,Harrison Street,Brooklyn,40.686082,-73.996389
Harrison Street,Henry Street,Brooklyn,40.686684,-73.998200
Harrison Street,Hicks Street,Brooklyn,40.687182,-73.999710
Furman Street,Remsen Street,Brooklyn,40.695208,-73.998561
Atlantic Street,Furman Street,Brooklyn,40.691813,-74.000164
Furman Street,State Street,Brooklyn,40.692502,-73.999843
Furman Street,Pierrepont Street,Brooklyn,40.696559,-73.997935
Fulton Street,Furman Street,Brooklyn,40.702914,-73.994738
Furman Street,Pineapple Street,Brooklyn,40.699182,-73.996715
Court Street,Wykoff Street,Brooklyn,40.687147,-73.993622
Atlantic Street,Court Street,Brooklyn,40.689690,-73.992378
Court Street,Fulton Street,Brooklyn,40.693934,-73.990254
Court Street,Myrtle Avenue,Brooklyn,40.693934,-73.990254
Powers Street,Wykoff Street,Brooklyn,40.682782,-73.982406
Nevins Street,Wykoff Street,Brooklyn,40.683574,-73.984392
Bond Street,Wykoff Street,Brooklyn,40.684405,-73.986551
Hoyt Street,Wykoff Street,Brooklyn,40.685245,-73.988729
Smith Street,Wykoff Street,Brooklyn,40.686095,-73.990913
4th Avenue,Wykoff Street,Brooklyn,40.681846,-73.979999
Bergen Street,Powers Street,Brooklyn,40.683463,-73.981947
Bergen Street,Boerum Street,Brooklyn,40.687332,-73.991926
Amity Street,Columbia Street,Brooklyn,40.690368,-74.000127
Amity Street,Willow Street,Brooklyn,40.690128,-73.999291
Dean Street,Powers Street,Brooklyn,40.684086,-73.981532
Boerum Street,Dean Street,Brooklyn,40.687970,-73.991493
Pacific Street,Powers Street,Brooklyn,40.684727,-73.981096
Columbia Street,Pacific Street,Brooklyn,40.690998,-73.999810
Boerum Street,Pacific Street,Brooklyn,40.688588,-73.991068
Pacific Street,Willow Street,Brooklyn,40.690757,-73.998968
Atlantic Street,Powers Street,Brooklyn,40.685331,-73.980697
Atlantic Street,Columbia Street,Brooklyn,40.691601,-73.999435
Atlantic Street,Nevins Street,Brooklyn,40.686090,-73.982676
Atlantic Street,Bond Street,Brooklyn,40.686934,-73.984834
Atlantic Street,Hoyt Street,Brooklyn,40.687769,-73.987007
Atlantic Street,Smith Street,Brooklyn,40.688648,-73.989171
Atlantic Street,Boerum Street,Brooklyn,40.689152,-73.990680
Atlantic Street,Clinton Street,Brooklyn,40.690225,-73.994366
Atlantic Street,Henry Street,Brooklyn,40.690735,-73.996239
Atlantic Street,Hicks Street,Brooklyn,40.691156,-73.997819
Atlantic Street,Willow Street,Brooklyn,40.691385,-73.998653
4th Avenue,Atlantic Street,Brooklyn,40.684395,-73.978261
Powers Street,State Street,Brooklyn,40.685974,-73.980267
Garden Street,State Street,Brooklyn,40.691638,-73.996712
Columbia Street,State Street,Brooklyn,40.692270,-73.999007
Boerum Street,State Street,Brooklyn,40.689779,-73.990264
Powers Street,Schermerhorn Street,Brooklyn,40.686596,-73.979838
Navy Street,Schermerhorn Street,Brooklyn,40.686313,-73.979067
Boerum Street,Schermerhorn Street,Brooklyn,40.690374,-73.989854
Flatbush Avenue,Powers Street,Brooklyn,40.687015,-73.979535
Livingston Street,Sidney Place,Brooklyn,40.692473,-73.994427
Fulton Place,Livingston Street,Brooklyn,40.689031,-73.984114
Livingston Street,Redhook Lane,Brooklyn,40.690995,-73.989204
Boerum Street,Livingston Street,Brooklyn,40.691065,-73.989406
Garden Street,Joralemon Street,Brooklyn,40.693313,-73.995917
Columbia Street,Joralemon Street,Brooklyn,40.693741,-73.998327
Fulton Avenue,Joralemon Street,Brooklyn,40.692341,-73.989463
Fulton Street,Joralemon Street,Brooklyn,40.692341,-73.989463
Joralemon Street,Willougby Street,Brooklyn,40.692341,-73.989463
Columbia Street,Pierrepont Street,Brooklyn,40.696369,-73.997247
Fulton Street,Pierrepont Street,Brooklyn,40.694488,-73.990488
Doughty Street,Mc Kenny Street,Brooklyn,40.701911,-73.993147
Columbia Street,Doughty Street,Brooklyn,40.702289,-73.994431
Mc Kenny Street,Poplar Street,Brooklyn,40.701272,-73.993432
Mc Kenny Street,Vine Street,Brooklyn,40.701604,-73.993285
Bugbie's Alley,Poplar Street,Brooklyn,40.700975,-73.992389
Columbia Street,Poplar Street,Brooklyn,40.701631,-73.994747
Bugbie's Alley,Fulton Street,Brooklyn,40.701525,-73.991901
Columbia Street,Vine Street,Brooklyn,40.701992,-73.994579
Columbia Street,Fulton Street,Brooklyn,40.702730,-73.994172
Clarke Street,Columbia Street,Brooklyn,40.698358,-73.996295
Columbia Street,Pineapple Street,Brooklyn,40.698998,-73.995997
Columbia Street,Orange Street,Brooklyn,40.699662,-73.995682
Columbia Street,Cranberry Street,Brooklyn,40.700325,-73.995370
Columbia Street,Middagh Street,Brooklyn,40.700941,-73.995082
Flatbush Avenue,Fulton Avenue,Brooklyn,40.688756,-73.980571
Flatbush Avenue,Hudson Avenue,Brooklyn,40.688640,-73.980266
Flatbush Avenue,Hanson Place,Brooklyn,40.685136,-73.977643
Canton Street,Flatbush Avenue,Brooklyn,40.683630,-73.975871
Flatbush Avenue,Navy Street,Brooklyn,40.686313,-73.979067
Flatbush Avenue,Raymond Street,Brooklyn,40.685421,-73.978086
Elm Place,Fulton Avenue,Brooklyn,40.690118,-73.984093
Fulton Avenue,Fulton Place,Brooklyn,40.689901,-73.983499
Fulton Place,Gold Street,Brooklyn,40.689901,-73.983499
Fulton Avenue,Hanover Place,Brooklyn,40.689318,-73.982041
Fulton Avenue,Pearl Street,Brooklyn,40.691890,-73.988298
Fulton Avenue,Redhook Lane,Brooklyn,40.691802,-73.988078
Fulton Avenue,Gold Street,Brooklyn,40.689901,-73.983499
DeKalb Avenue,Fulton Avenue,Brooklyn,40.690003,-73.983175
Fulton Avenue,Fulton Street,Brooklyn,40.692341,-73.989463
Fulton Avenue,Willougby Street,Brooklyn,40.692341,-73.989463
Fleet Street,Fulton Avenue,Brooklyn,40.690003,-73.983175
Bond Street,Fulton Avenue,Brooklyn,40.689690,-73.982947
Fulton Avenue,Hoyt Street,Brooklyn,40.690548,-73.985116
Fulton Avenue,Jay Street,Brooklyn,40.691529,-73.987361
Fulton Avenue,Hudson Avenue,Brooklyn,40.688640,-73.980266
Fulton Avenue,Hanson Place,Brooklyn,40.685698,-73.972873
Fulton Avenue,Oxford Street,Brooklyn,40.685892,-73.973376
Fulton Avenue,Portland Avenue,Brooklyn,40.686322,-73.974444
Canton Street,Fulton Avenue,Brooklyn,40.687191,-73.976582
Fulton Avenue,Hampden Street,Brooklyn,40.686745,-73.975491
Fulton Avenue,Saint Felix Street,Brooklyn,40.687562,-73.977496
Fulton Avenue,Navy Street,Brooklyn,40.688266,-73.979282
Duffield Street,Fulton Avenue,Brooklyn,40.690285,-73.984450
Bridge Street,Fulton Avenue,Brooklyn,40.690654,-73.985397
Fulton Avenue,Smith Street,Brooklyn,40.691441,-73.987349
Boerum Street,Fulton Avenue,Brooklyn,40.692055,-73.988729
Fulton Avenue,Raymond Street,Brooklyn,40.687878,-73.978308
Fulton Avenue,Lawrence Street,Brooklyn,40.691056,-73.986365
Fulton Avenue,Lafayette Avenue,Brooklyn,40.687058,-73.976227
Cumberland Street,Fulton Avenue,Brooklyn,40.685483,-73.972343
Johnson Street,Pearl Street,Brooklyn,40.694999,-73.988064
Pearl Street,Willougby Street,Brooklyn,40.692298,-73.988245
John Street,Pearl Street,Brooklyn,40.704457,-73.987510
Pearl Street,Tillery Street,Brooklyn,40.696037,-73.988037
Myrtle Avenue,Pearl Street,Brooklyn,40.693825,-73.988125
Pearl Street,Water Street,Brooklyn,40.703150,-73.987577
Nassau Street,Pearl Street,Brooklyn,40.698532,-73.987875
Concord Street,Pearl Street,Brooklyn,40.697731,-73.987942
Nutry Alley,Pearl Street,Brooklyn,40.697354,-73.987964
Gothic Alley,Pearl Street,Brooklyn,40.698154,-73.987907
Franklin Place,Pearl Street,Brooklyn,40.701176,-73.987724
DeKalb Avenue,Gold Street,Brooklyn,40.690010,-73.983498
Gold Street,Willougby Street,Brooklyn,40.692091,-73.983371
Gold Street,John Street,Brooklyn,40.704284,-73.982567
Gold Street,Tillery Street,Brooklyn,40.695855,-73.983217
Gold Street,High Street,Brooklyn,40.699083,-73.983006
Gold Street,Prospect Street,Brooklyn,40.700501,-73.982916
Gold Street,Leech Alley,Brooklyn,40.701019,-73.982885
DeKalb Avenue,Fleet Street,Brooklyn,40.690003,-73.983175
Clermont Street,DeKalb Avenue,Brooklyn,40.689506,-73.970115
Carlton Street,DeKalb Avenue,Brooklyn,40.689566,-73.972116
Canton Street,DeKalb Avenue,Brooklyn,40.689779,-73.977091
DeKalb Avenue,Hampden Street,Brooklyn,40.689725,-73.976083
DeKalb Avenue,Navy Street,Brooklyn,40.689883,-73.979503
DeKalb Avenue,Debevoise Street,Brooklyn,40.689949,-73.981346
DeKalb Avenue,Raymond Street,Brooklyn,40.689845,-73.978603
Fulton Street,Johnson Street,Brooklyn,40.695098,-73.990753
Fulton Street,Willougby Street,Brooklyn,40.692341,-73.989463
Fulton Street,Sands Street,Brooklyn,40.700105,-73.990953
Fulton Street,Tillery Street,Brooklyn,40.696011,-73.991187
Fulton Street,Myrtle Avenue,Brooklyn,40.693934,-73.990254
Clinton Street,Fulton Street,Brooklyn,40.696449,-73.991385
Fulton Street,Henry Street,Brooklyn,40.701020,-73.991291
Fulton Street,Hicks Street,Brooklyn,40.702009,-73.992634
Clarke Street,Fulton Street,Brooklyn,40.697027,-73.991422
Fulton Street,Pineapple Street,Brooklyn,40.697772,-73.991490
Fulton Street,Orange Street,Brooklyn,40.698663,-73.991499
Cranberry Street,Fulton Street,Brooklyn,40.699188,-73.991389
Fulton Street,Middagh Street,Brooklyn,40.699837,-73.991080
Fulton Street,Water Street,Brooklyn,40.703124,-73.994466
Front Street,Fulton Street,Brooklyn,40.702394,-73.993271
Fulton Street,Main Street,Brooklyn,40.700490,-73.990825
Fulton Street,Nassau Street,Brooklyn,40.698663,-73.991499
Fulton Street,High Street,Brooklyn,40.699377,-73.991297
Concord Street,Fulton Street,Brooklyn,40.697841,-73.991499
Fulton Street,Sprague's Alley,Brooklyn,40.697421,-73.991455
Fulton Street,Market Street,Brooklyn,40.701566,-73.991946
Jay Street,Johnson Street,Brooklyn,40.694960,-73.987114
Hudson Avenue,Johnson Street,Brooklyn,40.694744,-73.981111
Johnson Street,Navy Street,Brooklyn,40.694707,-73.980192
Carl Street,Johnson Street,Brooklyn,40.694763,-73.981659
Duffield Street,Johnson Street,Brooklyn,40.694850,-73.984207
Bridge Street,Johnson Street,Brooklyn,40.694894,-73.985129
Johnson Street,Washington Street,Brooklyn,40.695088,-73.990038
Johnson Street,Raymond Street,Brooklyn,40.694628,-73.979289
Johnson Street,Lawrence Street,Brooklyn,40.694934,-73.986115
Floods Alley,Johnson Street,Brooklyn,40.695073,-73.989544
Fleet Street,Willougby Street,Brooklyn,40.692043,-73.981617
Jay Street,Willougby Street,Brooklyn,40.692253,-73.987289
Hudson Avenue,Willougby Street,Brooklyn,40.692015,-73.980722
Canton Street,Willougby Street,Brooklyn,40.691904,-73.977586
Navy Street,Willougby Street,Brooklyn,40.691985,-73.979796
Carl Street,Willougby Street,Brooklyn,40.692046,-73.981780
Prince Street,Willougby Street,Brooklyn,40.692071,-73.982586
Duffield Street,Willougby Street,Brooklyn,40.692121,-73.984303
Bridge Street,Willougby Street,Brooklyn,40.692157,-73.985275
Adams Street,Willougby Street,Brooklyn,40.692338,-73.989160
Raymond Street,Willougby Street,Brooklyn,40.691960,-73.978904
Lawrence Street,Willougby Street,Brooklyn,40.692202,-73.986260
Fleet Street,Hudson Avenue,Brooklyn,40.692784,-73.980834
Fleet Street,Lafayette Street,Brooklyn,40.691119,-73.982227
Debevoise Street,Fleet Street,Brooklyn,40.691826,-73.981629
Bolivar Street,Fleet Street,Brooklyn,40.692485,-73.981101
Carl Street,Fleet Street,Brooklyn,40.692046,-73.981780
Fleet Street,Prince Street,Brooklyn,40.690609,-73.982675
Jay Street,Tillery Street,Brooklyn,40.695991,-73.987078
Jay Street,Talman Street,Brooklyn,40.701099,-73.986779
Harper's Court,Jay Street,Brooklyn,40.696447,-73.987048
Jay Street,Stryker's Court,Brooklyn,40.696762,-73.987026
Franklin Place,Jay Street,Brooklyn,40.701147,-73.986776
John Street,Little Street,Brooklyn,40.704156,-73.979630
Little Street,United States Street,Brooklyn,40.704473,-73.979478
Little Street,Marshall Street,Brooklyn,40.704766,-73.979349
Hudson Avenue,Sands Street,Brooklyn,40.699743,-73.981366
Hudson Avenue,Park Avenue,Brooklyn,40.696506,-73.981376
Hudson Avenue,Lafayette Street,Brooklyn,40.691260,-73.980622
Bolivar Street,Hudson Avenue,Brooklyn,40.692511,-73.980793
Hudson Avenue,Tillery Street,Brooklyn,40.695791,-73.981266
Hudson Avenue,Myrtle Avenue,Brooklyn,40.693549,-73.980944
Hudson Avenue,Nassau Street,Brooklyn,40.698277,-73.981476
High Street,Hudson Avenue,Brooklyn,40.699036,-73.981415
Hudson Avenue,Prospect Street,Brooklyn,40.700445,-73.981325
Concord Street,Hudson Avenue,Brooklyn,40.697480,-73.981535
Bridge Road,Sands Street,Brooklyn,40.699735,-73.981200
Bridge Street,Sands Street,Brooklyn,40.699861,-73.984836
Charles Street,Sands Street,Brooklyn,40.699839,-73.983905
Sands Street,Washington Street,Brooklyn,40.700042,-73.989801
Dickensons Alley,Sands Street,Brooklyn,40.699727,-73.980914
Green Lane,Sands Street,Brooklyn,40.699779,-73.982212
Bridge Road,Navy Street,Brooklyn,40.699385,-73.980475
Clermont Street,Park Avenue,Brooklyn,40.696146,-73.971451
Carlton Street,Park Avenue,Brooklyn,40.696195,-73.973437
Canton Street,Park Avenue,Brooklyn,40.696404,-73.978415
Park Avenue,Raymond Street,Brooklyn,40.696452,-73.979532
Canton Street,Hanson Place,Brooklyn,40.685300,-73.976202
Hampden Street,Hanson Place,Brooklyn,40.685413,-73.975221
Clermont Street,Myrtle Avenue,Brooklyn,40.693180,-73.970846
Clermont Street,Lafayette Avenue,Brooklyn,40.687855,-73.969803
Clermont Street,Flushing Avenue,Brooklyn,40.697836,-73.971777
Carlton Street,Myrtle Avenue,Brooklyn,40.693271,-73.972868
Carlton Street,Lafayette Avenue,Brooklyn,40.687622,-73.971740
Carlton Street,Flushing Avenue,Brooklyn,40.697913,-73.973781
Myrtle Avenue,Oxford Street,Brooklyn,40.693349,-73.974852
Auburn Place,Hamden Street,Brooklyn,40.694322,-73.977041
Auburn Place,Canton Street,Brooklyn,40.694230,-73.977983
Hamden Street,Myrtle Avenue,Brooklyn,40.693426,-73.976857
Canton Street,Tillery Street,Brooklyn,40.695662,-73.978281
Canton Street,Sycamore Street,Brooklyn,40.695056,-73.978159
Canton Street,Myrtle Avenue,Brooklyn,40.693466,-73.977840
Atlantic Avenue,Canton Street,Brooklyn,40.683630,-73.975871
Canton Street,Lafayette Avenue,Brooklyn,40.687016,-73.976553
Atlantic Avenue,Hampden Street,Brooklyn,40.683433,-73.974818
Hampden Street,Lafayette Avenue,Brooklyn,40.687171,-73.975584
Lafayette Street,Navy Street,Brooklyn,40.691332,-73.979709
Bolivar Street,Navy Street,Brooklyn,40.692591,-73.979883
Navy Street,Tillery Street,Brooklyn,40.695758,-73.980325
High Street,Navy Street,Brooklyn,40.698994,-73.980508
Navy Street,Prospect Street,Brooklyn,40.700402,-73.980434
Lafayette Avenue,Navy Street,Brooklyn,40.686701,-73.979078
Debevoise Street,Lafayette Street,Brooklyn,40.691180,-73.981522
Lafayette Street,Raymond Street,Brooklyn,40.691420,-73.978829
Bolivar Street,Raymond Street,Brooklyn,40.692663,-73.979010
Carl Street,Fair Street,Brooklyn,40.692944,-73.981748
Carl Street,Tillery Street,Brooklyn,40.695785,-73.981611
Carl Street,Myrtle Avenue,Brooklyn,40.693581,-73.981717
Lyon's Place,Tillery Street,Brooklyn,40.696558,-73.986046
Prince Street,Tillery Street,Brooklyn,40.695829,-73.982405
Duffield Street,Tillery Street,Brooklyn,40.695891,-73.984156
Bridge Street,Tillery Street,Brooklyn,40.695921,-73.985084
Tillery Street,Washington Street,Brooklyn,40.696083,-73.989988
Adams Street,Tillery Street,Brooklyn,40.696080,-73.988939
Raymond Street,Tillery Street,Brooklyn,40.695718,-73.979429
Lawrence Street,Tillery Street,Brooklyn,40.695957,-73.986078
Harper's Court,Tillery Street,Brooklyn,40.696417,-73.986053
Raymond Street,Sycamore Street,Brooklyn,40.695103,-73.979347
Myrtle Avenue,Washington Street,Brooklyn,40.693926,-73.990132
Adams Street,Myrtle Avenue,Brooklyn,40.693867,-73.989063
Myrtle Avenue,Raymond Street,Brooklyn,40.693497,-73.979130
Cumberland Street,Myrtle Avenue,Brooklyn,40.693292,-73.973889
Floods Alley,Myrtle Avenue,Brooklyn,40.693902,-73.989611
Myrtle Avenue,Union Lane,Brooklyn,40.693850,-73.988587
Graham Avenue,Myrtle Avenue,Brooklyn,40.694161,-73.960185
Prince Alley,Prince Street,Brooklyn,40.696147,-73.982389
Duffield Street,Stanton Street,Brooklyn,40.697617,-73.984069
Nassau Street,Stanton Street,Brooklyn,40.698379,-73.983996
Concord Street,Stanton Street,Brooklyn,40.697617,-73.984069
Bridge Street,Talman Street,Brooklyn,40.701008,-73.984766
Bridge Street,Chapel Street,Brooklyn,40.697230,-73.985024
Bridge Street,High Street,Brooklyn,40.699150,-73.984897
Charles Street,Talman Street,Brooklyn,40.700971,-73.983840
Charles Street,Prospect Street,Brooklyn,40.700536,-73.983862
Charles Street,York Street,Brooklyn,40.701421,-73.983815
Clarke Street,Henry Street,Brooklyn,40.697453,-73.993028
Clarke Street,Hicks Street,Brooklyn,40.697875,-73.994602
Clarke Street,Willow Street,Brooklyn,40.698115,-73.995456
Clarke Street,Monroe Place,Brooklyn,40.697223,-73.992144
Nassau Street,Orange Street,Brooklyn,40.698663,-73.991499
Conklyn's Alley,Water Street,Brooklyn,40.703083,-73.985900
North 1st Street,Water Street,Brooklyn,40.717288,-73.965770
1st Street,Water Street,Brooklyn,40.714862,-73.966777
Grand Street,Water Street,Brooklyn,40.716356,-73.966583
South 1st Street,Water Street,Brooklyn,40.715611,-73.966730
Dock Street,James Street,Brooklyn,40.702620,-73.992548
Conklyn's Alley,Plymouth Street,Brooklyn,40.703739,-73.985859
Front Street,James Street,Brooklyn,40.702620,-73.992548
Front Street,Green Lane,Brooklyn,40.702280,-73.982039
Front Street,Jackson's Court,Brooklyn,40.702284,-73.982330
Front Street,Garrison Street,Brooklyn,40.702603,-73.991199
Front Street,Harrison's Alley,Brooklyn,40.702613,-73.991888
Front Street,Stewart Street,Brooklyn,40.702568,-73.990181
James Street,Main Street,Brooklyn,40.701296,-73.990765
Main Street,Prospect Street,Brooklyn,40.700778,-73.990783
Main Street,York Street,Brooklyn,40.701667,-73.990733
Howard's Court,Main Street,Brooklyn,40.702862,-73.990682
Garrison Street,James Street,Brooklyn,40.701683,-73.991244
James Street,York Street,Brooklyn,40.701683,-73.991244
James Street,Mercein Street,Brooklyn,40.702221,-73.991987
James Street,Market Street,Brooklyn,40.701881,-73.991511
Nassau Street,Washington Street,Brooklyn,40.698607,-73.989896
High Street,Washington Street,Brooklyn,40.699320,-73.989849
Concord Street,Washington Street,Brooklyn,40.697809,-73.989920
Washington Place,Washington Street,Brooklyn,40.696647,-73.989970
Liberty Place,Washington Street,Brooklyn,40.698243,-73.989908
Adams Street,Nassau Street,Brooklyn,40.698563,-73.988832
Liberty Street,Nassau Street,Brooklyn,40.698646,-73.990833
Mumby's Alley,Nassau Street,Brooklyn,40.698652,-73.990971
Nassau Street,Smell's Alley,Brooklyn,40.698630,-73.990399
Nassau Street,Smiths Alley,Brooklyn,40.698262,-73.981107
Nassau Place,Nassau Street,Brooklyn,40.698262,-73.981107
Adams Street,High Street,Brooklyn,40.699289,-73.988782
High Street,Mumby's Alley,Brooklyn,40.699364,-73.990925
High Street,Smell's Alley,Brooklyn,40.699340,-73.990337
High Street,Nassau Place,Brooklyn,40.699016,-73.981065
Dickensons Alley,Prospect Street,Brooklyn,40.700417,-73.980876
Green Lane,Prospect Street,Brooklyn,40.700475,-73.982163
Prospect Street,Stewart's Alley,Brooklyn,40.700765,-73.990264
Adams Street,Concord Street,Brooklyn,40.697771,-73.988884
Adams Street,Nutry Alley,Brooklyn,40.697380,-73.988875
Adams Street,Gothic Alley,Brooklyn,40.698187,-73.988861
Lafayette Avenue,Raymond Street,Brooklyn,40.686811,-73.978193
Concord Street,Liberty Street,Brooklyn,40.697819,-73.990866
Liberty Street,Sprague's Alley,Brooklyn,40.697421,-73.990870
Liberty Place,Liberty Street,Brooklyn,40.698269,-73.990851
Barber's Alley,Mumby's Alley,Brooklyn,40.699013,-73.990944
Barber's Alley,Smell's Alley,Brooklyn,40.698993,-73.990366
Nassau Place,Smiths Alley,Brooklyn,40.698262,-73.981107
Green Lane,York Street Alley,Brooklyn,40.701002,-73.982144
Green Lane,Independent Alley,Brooklyn,40.700821,-73.982152
Green Lane,York Street,Brooklyn,40.701358,-73.982104
Garrison Street,York Street,Brooklyn,40.701683,-73.991244
Garrison Street,Mercein Street,Brooklyn,40.702207,-73.991218
Fleet's Alley,York Street,Brooklyn,40.701614,-73.989160
Stewart Street,York Street,Brooklyn,40.701643,-73.990213
Stewart's Alley,York Street,Brooklyn,40.701643,-73.990213
Stewart Street,Stewart's Alley,Brooklyn,40.701643,-73.990213
1st Street,South 4th Street,Brooklyn,40.713308,-73.967442
1st Street,South 5th Street,Brooklyn,40.712624,-73.967747
1st Street,South 6th Street,Brooklyn,40.711940,-73.968046
1st Street,South 9th Street,Brooklyn,40.709174,-73.968459
1st Street,South 10th Street,Brooklyn,40.708533,-73.968421
1st Street,Grand Street,Brooklyn,40.716199,-73.966113
4th Avenue,East 7th Street,Manhattan,40.729186,-73.990929
4th Avenue,East 4th Street,Manhattan,40.727102,-73.991544
Avenue B,East 20th Street,Manhattan,40.733106,-73.975405
Avenue B,East 19th Street,Manhattan,40.732544,-73.975816
Avenue D,East 16th Street,Manhattan,40.728772,-73.972345
Bowery,East 6th Street,Manhattan,40.728365,-73.990794
Bowery,East 5th Street,Manhattan,40.727745,-73.991243
East 2nd Street,Lewis Street,Manhattan,40.719387,-73.977176
Clinton Street,East 1st Street,Manhattan,40.721366,-73.983881
East Houston Street,Goerck Street,Manhattan,40.719128,-73.976361
East Houston Street,Tompkins Street,Manhattan,40.718608,-73.974728
Boulevard Lafayette,Road To Depot,Manhattan,40.848612,-73.943438
Kingsbridge Road,Road To Depot,Manhattan,40.847535,-73.938045
D Street,Inwood Street,Manhattan,40.868375,-73.930534
Dyckman Street,Inwood Street,Manhattan,40.865618,-73.927436
Broadway,Inwood Street,Manhattan,40.865618,-73.927436
Dyckman Street,Naegle Avenue,Manhattan,40.861563,-73.924750
Dyckman Street,Vermilye Avenue,Manhattan,40.864445,-73.926658
Broadway,Kingsbridge Road,Manhattan,40.850142,-73.935698
Broadway,Naegle Avenue,Manhattan,40.859365,-73.931249
Broadway,Hawthorne Street,Manhattan,40.866996,-73.923126
Broadway,Emerson Street,Manhattan,40.867642,-73.921201
Hawthorne Street,Post Avenue,Manhattan,40.864127,-73.921267
Emerson Street,Post Avenue,Manhattan,40.864811,-73.919335
Academy Street,Naegle Avenue,Manhattan,40.862406,-73.922487
Hawthorne Street,Naegle Avenue,Manhattan,40.863106,-73.920611
Academy Street,Vermilye Avenue,Manhattan,40.865361,-73.924363
Hawthorne Street,Vermilye Avenue,Manhattan,40.866061,-73.922479
Emerson Street,Vermilye Avenue,Manhattan,40.866754,-73.920595
Isham Street,Vermilye Avenue,Manhattan,40.867285,-73.919186
Hawthorne Street,Sherman Avenue,Manhattan,40.865095,-73.921899
Emerson Street,Sherman Avenue,Manhattan,40.865795,-73.919983
Hawthorne Street,Seaman Avenue,Manhattan,40.868509,-73.924033
Emerson Street,Seaman Avenue,Manhattan,40.869129,-73.922173
Flushing Avenue,Isabella Place,Queens,40.770516,-73.919765
Franklin Street,Woolsey Street,Queens,40.773408,-73.929002
Baylies Street,Woolsey Street,Queens,40.774925,-73.928211
Clark Street,Woolsey Street,Queens,40.772120,-73.928990
Trowbridge Street,Woolsey Street,Queens,40.774631,-73.928357
Main Street,Woolsey Street,Queens,40.772120,-73.928990
Franklin Street,Mills Street,Queens,40.775610,-73.936148
Fulton Avenue,Monson Street,Queens,40.773754,-73.936094
Monson Street,Orchard Boulevard,Queens,40.776778,-73.934515
Franklin Street,Monson Street,Queens,40.775330,-73.935280
Fulton Avenue,Halsey Street,Queens,40.773454,-73.935085
Fulton Avenue,Stevens Street,Queens,40.772701,-73.932651
Fulton Avenue,Main Street,Queens,40.772097,-73.930692
Fulton Avenue,Vernon Boulevard,Queens,40.773238,-73.934385
Halsey Street,Orchard Boulevard,Queens,40.776458,-73.933530
Orchard Boulevard,Stevens Street,Queens,40.775695,-73.931179
Orchard Boulevard,Vernon Boulevard,Queens,40.776166,-73.932631
Franklin Street,Halsey Street,Queens,40.775012,-73.934286
Franklin Street,Stevens Street,Queens,40.774221,-73.931811
Franklin Street,Wardell Street,Queens,40.773979,-73.931051
Franklin Street,Remsen Street,Queens,40.773600,-73.929919
Franklin Street,Newtown Avenue,Queens,40.772267,-73.925906
Blackwells Lane,Franklin Street,Queens,40.773841,-73.930639
Franklin Street,Main Street,Queens,40.772267,-73.925906
Franklin Street,Willow Street,Queens,40.772878,-73.927497
Franklin Street,Vernon Boulevard,Queens,40.774723,-73.933381
Franklin Street,Van Alst Avenue,Queens,40.772267,-73.925906
Flushing Avenue,Franklin Street,Queens,40.772267,-73.925906
Stevens Street,Tisdale Street,Queens,40.773255,-73.932345
Remsen Street,Taylor Street,Queens,40.771833,-73.930144
Remsen Street,Welling Court,Queens,40.771934,-73.930143
Main Street,Remsen Street,Queens,40.772104,-73.930141
Flushing Avenue,Hallett Street,Queens,40.771787,-73.924419
Astoria Place,Hallett Street,Queens,40.774878,-73.921741
Hallett Street,Woolsey Avenue,Queens,40.775891,-73.920493
Hallett Street,Hoyt Avenue,Queens,40.774015,-73.922804
Hallett Street,Potter Avenue,Queens,40.777973,-73.917973
Ditmars Avenue,Hallett Street,Queens,40.779752,-73.915819
Hallett Street,Wolcott Avenue,Queens,40.781587,-73.913599
Taylor Street,Van Alst Avenue,Queens,40.770516,-73.927283
Hopkins Avenue,Taylor Street,Queens,40.771488,-73.929392
Ely Avenue,Taylor Street,Queens,40.769907,-73.925958
Crescent Street,Taylor Street,Queens,40.769268,-73.924570
Clark Street,Main Street,Queens,40.772120,-73.928990
Clark Street,Van Alst Avenue,Queens,40.771131,-73.926799
Clark Street,Hopkins Avenue,Queens,40.772088,-73.928918
Clark Street,Ely Avenue,Queens,40.770525,-73.925457
Clark Street,Crescent Street,Queens,40.769893,-73.924056
Main Street,Newtown Avenue,Queens,40.772267,-73.925906
Newtown Avenue,Van Alst Avenue,Queens,40.772267,-73.925906
Ely Avenue,Newtown Avenue,Queens,40.771346,-73.924790
2nd Avenue,Newtown Avenue,Queens,40.767692,-73.920817
Newtown Avenue,North Henry Street,Queens,40.769403,-73.922422
Cooper Street,Newtown Avenue,Queens,40.769861,-73.922960
Buchanan Street,Newtown Avenue,Queens,40.769211,-73.922217
Marc Place,Newtown Avenue,Queens,40.768379,-73.921245
Carver Street,Newtown Avenue,Queens,40.768379,-73.921245
Flushing Avenue,Newtown Avenue,Queens,40.772267,-73.925906
3rd Avenue,Newtown Avenue,Queens,40.766868,-73.920297
Marion Street,Ridge Street,Queens,40.766097,-73.934903
Sherman Street,Welling Court,Queens,40.771520,-73.931272
Grand Avenue,Sherman Street,Queens,40.771520,-73.931272
Sherman Street,Temple Street,Queens,40.770545,-73.932051
Elm Street,Sherman Street,Queens,40.769704,-73.932717
Sanford Street,Sherman Street,Queens,40.765889,-73.936014
Broadway,Sherman Street,Queens,40.767002,-73.934924
Ridge Street,Sherman Street,Queens,40.766425,-73.935489
Camelia Street,Sherman Street,Queens,40.767846,-73.934230
Jamaica Avenue,Sherman Street,Queens,40.768821,-73.933437
Greenoak Street,Welling Court,Queens,40.771379,-73.933060
Grand Avenue,Welling Court,Queens,40.771520,-73.931272
Blackwells Lane,Tisdale Street,Queens,40.772918,-73.931161
Greenoak Street,Main Street,Queens,40.772008,-73.933287
Grand Avenue,Main Street,Queens,40.772017,-73.932227
Grand Avenue,Van Alst Avenue,Queens,40.769894,-73.927773
Grand Avenue,Hopkins Avenue,Queens,40.770871,-73.929899
Ely Avenue,Grand Avenue,Queens,40.769271,-73.926475
Crescent Street,Grand Avenue,Queens,40.768627,-73.925074
2nd Avenue,Grand Avenue,Queens,40.766881,-73.921347
Cooper Street,Grand Avenue,Queens,40.768249,-73.924257
1st Avenue,Grand Avenue,Queens,40.767280,-73.922191
Academy Street,Grand Avenue,Queens,40.767665,-73.922997
Grand Avenue,Marc Place,Queens,40.767331,-73.922297
4th Avenue,Grand Avenue,Queens,40.766148,-73.919798
3rd Avenue,Grand Avenue,Queens,40.766520,-73.920581
5th Avenue,Grand Avenue,Queens,40.765768,-73.918998
6th Avenue,Grand Avenue,Queens,40.765402,-73.918193
7th Avenue,Grand Avenue,Queens,40.765018,-73.917402
8th Avenue,Grand Avenue,Queens,40.764637,-73.916593
9th Avenue,Grand Avenue,Queens,40.764266,-73.915781
Grand Avenue,Steinway Avenue,Queens,40.763890,-73.914982
11th Avenue,Grand Avenue,Queens,40.763529,-73.914195
12th Avenue,Grand Avenue,Queens,40.763157,-73.913385
13th Avenue,Grand Avenue,Queens,40.762791,-73.912589
Fourteenth Avenue,Grand Avenue,Queens,40.762419,-73.911803
15th Avenue,Grand Avenue,Queens,40.762030,-73.910985
16th Avenue,Grand Avenue,Queens,40.761641,-73.910165
17th Avenue,Grand Avenue,Queens,40.761279,-73.909393
18th Avenue,Grand Avenue,Queens,40.760899,-73.908583
19th Avenue,Grand Avenue,Queens,40.760530,-73.907795
20th Avenue,Grand Avenue,Queens,40.760159,-73.907004
Temple Street,Vernon Boulevard,Queens,40.771026,-73.934242
Temple Street,Van Alst Avenue,Queens,40.769051,-73.928435
Hopkins Avenue,Temple Street,Queens,40.770050,-73.930572
Ely Avenue,Temple Street,Queens,40.768440,-73.927147
Crescent Street,Whitney Street,Queens,40.767900,-73.925414
Academy Street,Whitney Street,Queens,40.767012,-73.923505
Elm Street,Vernon Boulevard,Queens,40.770397,-73.934453
Elm Street,Van Alst Avenue,Queens,40.768209,-73.929097
Elm Street,Hopkins Avenue,Queens,40.769126,-73.931328
Elm Street,Ely Avenue,Queens,40.767604,-73.927823
Crescent Street,Elm Street,Queens,40.766735,-73.925960
1st Avenue,Elm Street,Queens,40.765592,-73.923563
Academy Street,Elm Street,Queens,40.765959,-73.924348
North William Street,Willow Street,Queens,40.773216,-73.927391
North William Street,Van Alst Avenue,Queens,40.773302,-73.925075
Lebanon Terrace,Trowbridge Street,Queens,40.774402,-73.927570
Trowbridge Street,Willow Street,Queens,40.774141,-73.926888
Trowbridge Street,Van Alst Avenue,Queens,40.773508,-73.924909
North Washington Place,Willow Street,Queens,40.775004,-73.926419
North Washington Place,Van Alst Avenue,Queens,40.774065,-73.924461
Main Street,Willow Street,Queens,40.772250,-73.927426
Main Street,Vernon Boulevard,Queens,40.772027,-73.933931
Main Street,Van Alst Avenue,Queens,40.772267,-73.925906
Hopkins Avenue,Main Street,Queens,40.772129,-73.928886
Flushing Avenue,Main Street,Queens,40.772267,-73.925906
Hancock Street,Vernon Avenue,Queens,40.767343,-73.937155
Vernon Avenue,Vernon Boulevard,Queens,40.767785,-73.935928
Hancock Street,Sanford Street,Queens,40.766486,-73.937656
Sanford Street,Vernon Boulevard,Queens,40.766175,-73.936815
Ridge Street,Vernon Boulevard,Queens,40.766876,-73.936364
Camelia Street,Vernon Boulevard,Queens,40.768618,-73.935820
Jamaica Avenue,Vernon Boulevard,Queens,40.769521,-73.935231
Broadway,Van Alst Avenue,Queens,40.765218,-73.931696
Broadway,Hopkins Avenue,Queens,40.766291,-73.933661
Broadway,Ely Avenue,Queens,40.764466,-73.930381
2nd Avenue,Broadway,Queens,40.761966,-73.925389
1st Avenue,Broadway,Queens,40.762358,-73.926192
Academy Street,Broadway,Queens,40.762732,-73.926978
4th Avenue,Broadway,Queens,40.761244,-73.923788
3rd Avenue,Broadway,Queens,40.761616,-73.924589
5th Avenue,Broadway,Queens,40.760870,-73.923001
6th Avenue,Broadway,Queens,40.760478,-73.922175
7th Avenue,Broadway,Queens,40.760132,-73.921383
8th Avenue,Broadway,Queens,40.759746,-73.920596
9th Avenue,Broadway,Queens,40.759353,-73.919791
Broadway,Steinway Avenue,Queens,40.758999,-73.918981
11th Avenue,Broadway,Queens,40.758604,-73.918195
12th Avenue,Broadway,Queens,40.758248,-73.917385
13th Avenue,Broadway,Queens,40.757873,-73.916596
Broadway,Fourteenth Avenue,Queens,40.757495,-73.915802
15th Avenue,Broadway,Queens,40.757108,-73.914988
16th Avenue,Broadway,Queens,40.756732,-73.914197
17th Avenue,Broadway,Queens,40.756361,-73.913413
18th Avenue,Broadway,Queens,40.755973,-73.912593
19th Avenue,Broadway,Queens,40.755598,-73.911800
20th Avenue,Broadway,Queens,40.755234,-73.911031
Broadway,Old Newtown Road,Queens,40.755765,-73.912152
Ridge Street,Van Alst Avenue,Queens,40.764629,-73.932264
Hopkins Avenue,Ridge Street,Queens,40.765649,-73.934105
Ely Avenue,Ridge Street,Queens,40.763877,-73.930870
Crescent Street,Ridge Street,Queens,40.762834,-73.928990
Dey Street,Van Alst Avenue,Queens,40.764009,-73.932861
Dey Street,Ely Avenue,Queens,40.763295,-73.931354
Orange Street,Van Alst Avenue,Queens,40.763425,-73.933424
Hopkins Avenue,Orange Street,Queens,40.764154,-73.935011
Ely Avenue,Orange Street,Queens,40.762698,-73.931850
Camelia Street,Van Alst Avenue,Queens,40.766061,-73.930884
Lincoln Street,Van Alst Avenue,Queens,40.766665,-73.930407
Jamaica Avenue,Van Alst Avenue,Queens,40.767320,-73.929842
Flushing Avenue,Van Alst Avenue,Queens,40.772267,-73.925906
Astoria Place,Van Alst Avenue,Queens,40.775597,-73.922760
Van Alst Avenue,Woolsey Avenue,Queens,40.776617,-73.921521
Hoyt Avenue,Van Alst Avenue,Queens,40.774615,-73.923952
Potter Avenue,Van Alst Avenue,Queens,40.778695,-73.918999
Bermel Place,Van Alst Avenue,Queens,40.779286,-73.918269
Mcclellan Place,Van Alst Avenue,Queens,40.779936,-73.917468
Ditmars Avenue,Van Alst Avenue,Queens,40.780450,-73.916833
Van Alst Avenue,Wolcott Avenue,Queens,40.782281,-73.914579
Van Alst Avenue,Winthrop Avenue,Queens,40.784050,-73.912401
Camelia Street,Hopkins Avenue,Queens,40.767183,-73.932925
Hopkins Avenue,Jamaica Avenue,Queens,40.768271,-73.932027
Camelia Street,Ely Avenue,Queens,40.765365,-73.929635
Camelia Street,Crescent Street,Queens,40.764270,-73.927605
Ely Avenue,Lincoln Street,Queens,40.765971,-73.929144
Ely Avenue,Jamaica Avenue,Queens,40.766715,-73.928542
Crescent Street,Jamaica Avenue,Queens,40.765732,-73.926427
2nd Avenue,Jamaica Avenue,Queens,40.764319,-73.923454
1st Avenue,Jamaica Avenue,Queens,40.764711,-73.924279
Academy Street,Jamaica Avenue,Queens,40.765079,-73.925053
4th Avenue,Jamaica Avenue,Queens,40.763586,-73.921911
3rd Avenue,Jamaica Avenue,Queens,40.763951,-73.922679
5th Avenue,Jamaica Avenue,Queens,40.763198,-73.921094
6th Avenue,Jamaica Avenue,Queens,40.762816,-73.920284
7th Avenue,Jamaica Avenue,Queens,40.762445,-73.919496
8th Avenue,Jamaica Avenue,Queens,40.762068,-73.918695
9th Avenue,Jamaica Avenue,Queens,40.761699,-73.917911
Jamaica Avenue,Steinway Avenue,Queens,40.761308,-73.917082
11th Avenue,Jamaica Avenue,Queens,40.760947,-73.916306
12th Avenue,Jamaica Avenue,Queens,40.760571,-73.915497
13th Avenue,Jamaica Avenue,Queens,40.760197,-73.914695
Fourteenth Avenue,Jamaica Avenue,Queens,40.759830,-73.913906
15th Avenue,Jamaica Avenue,Queens,40.759447,-73.913082
16th Avenue,Jamaica Avenue,Queens,40.759080,-73.912292
17th Avenue,Jamaica Avenue,Queens,40.758708,-73.911494
18th Avenue,Jamaica Avenue,Queens,40.758323,-73.910667
19th Avenue,Jamaica Avenue,Queens,40.757957,-73.909885
20th Avenue,Jamaica Avenue,Queens,40.757591,-73.909104
Jamaica Avenue,Old Newtown Road,Queens,40.760222,-73.914747
Crescent Street,Flushing Avenue,Queens,40.771340,-73.922847
Crescent Street,Woolsey Avenue,Queens,40.774928,-73.919130
Crescent Street,Hoyt Avenue,Queens,40.773033,-73.921458
Crescent Street,Potter Avenue,Queens,40.777010,-73.916605
Crescent Street,Ditmars Avenue,Queens,40.778771,-73.914435
Crescent Street,Wolcott Avenue,Queens,40.780612,-73.912212
Crescent Street,Winthrop Avenue,Queens,40.782362,-73.910048
Merchant Street,Woolsey Avenue,Queens,40.774450,-73.918445
Merchant Street,Potter Avenue,Queens,40.776522,-73.915912
Ditmars Avenue,Merchant Street,Queens,40.778288,-73.913753
Merchant Street,Wolcott Avenue,Queens,40.780120,-73.911512
Merchant Street,Winthrop Avenue,Queens,40.781878,-73.909374
Flushing Avenue,Goodrich Street,Queens,40.770959,-73.921425
Goodrich Street,Woolsey Avenue,Queens,40.773970,-73.917757
Goodrich Street,Hoyt Avenue,Queens,40.772064,-73.920080
Goodrich Street,Potter Avenue,Queens,40.776039,-73.915225
Ditmars Avenue,Goodrich Street,Queens,40.777800,-73.913070
Goodrich Street,Wolcott Avenue,Queens,40.779640,-73.910829
Goodrich Street,Winthrop Avenue,Queens,40.781384,-73.908686
2nd Avenue,Flushing Avenue,Queens,40.770071,-73.918082
2nd Avenue,Vandeventer Avenue,Queens,40.768418,-73.919983
2nd Avenue,Woolsey Avenue,Queens,40.772303,-73.915365
2nd Avenue,Winslow Place,Queens,40.768112,-73.920335
2nd Avenue,Hoyt Avenue,Queens,40.770388,-73.917696
2nd Avenue,Potter Avenue,Queens,40.774358,-73.912861
2nd Avenue,Ditmars Avenue,Queens,40.776121,-73.910705
2nd Avenue,Wolcott Avenue,Queens,40.777956,-73.908463
2nd Avenue,Shore Road,Queens,40.779319,-73.906798
Chauncey Street,Woolsey Avenue,Queens,40.773487,-73.917065
Chauncey Street,Potter Avenue,Queens,40.775550,-73.914541
Chauncey Street,Ditmars Avenue,Queens,40.777312,-73.912386
Chauncey Street,Wolcott Avenue,Queens,40.779153,-73.910144
Chauncey Street,Winthrop Avenue,Queens,40.780910,-73.908004
Flushing Avenue,Lawrence Street,Queens,40.770443,-73.919495
Lawrence Street,Woolsey Avenue,Queens,40.773006,-73.916374
Hoyt Avenue,Lawrence Street,Queens,40.771095,-73.918701
Lawrence Street,Potter Avenue,Queens,40.775067,-73.913864
Ditmars Avenue,Lawrence Street,Queens,40.776827,-73.911706
Lawrence Street,Wolcott Avenue,Queens,40.778663,-73.909456
Howland Street,Woolsey Avenue,Queens,40.775427,-73.919836
Howland Street,Hoyt Avenue,Queens,40.773539,-73.922151
Howland Street,Potter Avenue,Queens,40.777497,-73.917297
Ditmars Avenue,Howland Street,Queens,40.779264,-73.915130
Howland Street,Wolcott Avenue,Queens,40.781092,-73.912895
Flushing Avenue,North Henry Street,Queens,40.770791,-73.920796
Carver Street,Marc Place,Queens,40.768379,-73.921245
Carver Street,Flushing Avenue,Queens,40.770309,-73.918993
Chestnut Street,Flushing Avenue,Queens,40.769964,-73.917539
4th Avenue,Flushing Avenue,Queens,40.769783,-73.916632
5th Avenue,Flushing Avenue,Queens,40.769646,-73.915835
6th Avenue,Flushing Avenue,Queens,40.769486,-73.914869
7th Avenue,Flushing Avenue,Queens,40.769327,-73.913894
8th Avenue,Flushing Avenue,Queens,40.769167,-73.912921
9th Avenue,Flushing Avenue,Queens,40.769009,-73.911952
Flushing Avenue,Steinway Avenue,Queens,40.768848,-73.910970
11th Avenue,Flushing Avenue,Queens,40.768701,-73.909991
12th Avenue,Flushing Avenue,Queens,40.768551,-73.908996
Flushing Avenue,Purdy Street,Queens,40.768334,-73.907564
13th Avenue,Flushing Avenue,Queens,40.768405,-73.908025
Flushing Avenue,Fourteenth Avenue,Queens,40.768251,-73.907027
15th Avenue,Flushing Avenue,Queens,40.768100,-73.906114
16th Avenue,Flushing Avenue,Queens,40.767937,-73.905127
17th Avenue,Flushing Avenue,Queens,40.767774,-73.904148
18th Avenue,Flushing Avenue,Queens,40.767613,-73.903180
19th Avenue,Flushing Avenue,Queens,40.767437,-73.901943
Chestnut Street,Vandeventer Avenue,Queens,40.768018,-73.919128
4th Avenue,Vandeventer Avenue,Queens,40.767723,-73.918499
5th Avenue,Vandeventer Avenue,Queens,40.767352,-73.917707
6th Avenue,Vandeventer Avenue,Queens,40.766979,-73.916910
7th Avenue,Vandeventer Avenue,Queens,40.766604,-73.916111
8th Avenue,Vandeventer Avenue,Queens,40.766227,-73.915305
9th Avenue,Vandeventer Avenue,Queens,40.765853,-73.914507
Steinway Avenue,Vandeventer Avenue,Queens,40.765482,-73.913715
11th Avenue,Vandeventer Avenue,Queens,40.765105,-73.912912
12th Avenue,Vandeventer Avenue,Queens,40.764727,-73.912104
13th Avenue,Vandeventer Avenue,Queens,40.764351,-73.911303
Fourteenth Avenue,Vandeventer Avenue,Queens,40.763982,-73.910523
15th Avenue,Vandeventer Avenue,Queens,40.763599,-73.909712
16th Avenue,Vandeventer Avenue,Queens,40.763225,-73.908921
17th Avenue,Vandeventer Avenue,Queens,40.762843,-73.908115
18th Avenue,Vandeventer Avenue,Queens,40.762470,-73.907313
19th Avenue,Vandeventer Avenue,Queens,40.762102,-73.906520
20th Avenue,Vandeventer Avenue,Queens,40.761727,-73.905715
Steinway Avenue,Wilson Avenue,Queens,40.767961,-73.911694
11th Avenue,Wilson Avenue,Queens,40.767581,-73.910888
12th Avenue,Wilson Avenue,Queens,40.767202,-73.910083
13th Avenue,Wilson Avenue,Queens,40.766828,-73.909289
Fourteenth Avenue,Wilson Avenue,Queens,40.766456,-73.908498
15th Avenue,Wilson Avenue,Queens,40.766082,-73.907705
16th Avenue,Wilson Avenue,Queens,40.765707,-73.906906
17th Avenue,Wilson Avenue,Queens,40.765333,-73.906111
18th Avenue,Wilson Avenue,Queens,40.764958,-73.905313
19th Avenue,Wilson Avenue,Queens,40.764590,-73.904533
4th Avenue,Woolsey Avenue,Queens,40.771540,-73.914296
4th Avenue,Hoyt Avenue,Queens,40.769824,-73.916803
4th Avenue,Potter Avenue,Queens,40.773598,-73.911786
4th Avenue,Ditmars Avenue,Queens,40.775364,-73.909631
4th Avenue,Wolcott Avenue,Queens,40.777190,-73.907381
4th Avenue,Winthrop Avenue,Queens,40.778964,-73.905203
4th Avenue,Shore Road,Queens,40.778268,-73.906054
Barclay Street,Park Place,Queens,40.775928,-73.924455
Astoria Place,Barclay Street,Queens,40.776393,-73.923888
Barclay Street,Woolsey Avenue,Queens,40.777412,-73.922646
Barclay Street,Hoyt Avenue,Queens,40.775286,-73.925238
Barclay Street,Potter Avenue,Queens,40.779494,-73.920136
Barclay Street,Bermel Place,Queens,40.780086,-73.919411
Barclay Street,Ditmars Avenue,Queens,40.781265,-73.917965
Barclay Street,Wolcott Avenue,Queens,40.783092,-73.915725
6th Avenue,Woolsey Avenue,Queens,40.771034,-73.913586
7th Avenue,Woolsey Avenue,Queens,40.770520,-73.912867
8th Avenue,Woolsey Avenue,Queens,40.770044,-73.912208
9th Avenue,Woolsey Avenue,Queens,40.769508,-73.911466
Steinway Avenue,Woolsey Avenue,Queens,40.769005,-73.910769
6th Avenue,Potter Avenue,Queens,40.773086,-73.911065
6th Avenue,Ditmars Avenue,Queens,40.774858,-73.908913
6th Avenue,Wolcott Avenue,Queens,40.776686,-73.906667
7th Avenue,Potter Avenue,Queens,40.772588,-73.910362
7th Avenue,Ditmars Avenue,Queens,40.774364,-73.908209
7th Avenue,Wolcott Avenue,Queens,40.776190,-73.905965
7th Avenue,Winthrop Avenue,Queens,40.777961,-73.903787
7th Avenue,Riker Avenue,Queens,40.779776,-73.901555
7th Avenue,Shore Road,Queens,40.776971,-73.905004
8th Avenue,Potter Avenue,Queens,40.772081,-73.909645
8th Avenue,Ditmars Avenue,Queens,40.773860,-73.907488
8th Avenue,Wolcott Avenue,Queens,40.775695,-73.905264
8th Avenue,Winthrop Avenue,Queens,40.777469,-73.903093
8th Avenue,Shore Road,Queens,40.776365,-73.904445
9th Avenue,Potter Avenue,Queens,40.771605,-73.908967
9th Avenue,Ditmars Avenue,Queens,40.773378,-73.906800
9th Avenue,Wolcott Avenue,Queens,40.775204,-73.904569
9th Avenue,Winthrop Avenue,Queens,40.776973,-73.902392
9th Avenue,Riker Avenue,Queens,40.778778,-73.900168
9th Avenue,Shore Road,Queens,40.775840,-73.903787
Potter Avenue,Steinway Avenue,Queens,40.771081,-73.908221
Ditmars Avenue,Steinway Avenue,Queens,40.772859,-73.906059
Steinway Avenue,Wolcott Avenue,Queens,40.774684,-73.903834
Steinway Avenue,Winthrop Avenue,Queens,40.776459,-73.901667
Riker Avenue,Steinway Avenue,Queens,40.778274,-73.899452
Shore Road,Steinway Avenue,Queens,40.775322,-73.903049
11th Avenue,Old Newtown Road,Queens,40.762351,-73.915158
11th Avenue,Potter Avenue,Queens,40.770578,-73.907501
11th Avenue,Ditmars Avenue,Queens,40.772348,-73.905344
11th Avenue,Wolcott Avenue,Queens,40.774169,-73.903107
11th Avenue,Winthrop Avenue,Queens,40.775940,-73.900932
11th Avenue,Riker Avenue,Queens,40.777760,-73.898721
11th Avenue,Shore Road,Queens,40.774812,-73.902317
12th Avenue,Old Newtown Road,Queens,40.761256,-73.914937
Potter Avenue,Theodore Street,Queens,40.770068,-73.906770
Ditmars Avenue,Theodore Street,Queens,40.771833,-73.904622
Theodore Street,Wolcott Avenue,Queens,40.773659,-73.902386
Theodore Street,Winthrop Avenue,Queens,40.775436,-73.900218
Riker Avenue,Theodore Street,Queens,40.777247,-73.897992
Shore Road,Theodore Street,Queens,40.774356,-73.901538
Potter Avenue,Purdy Street,Queens,40.769562,-73.906058
Ditmars Avenue,Purdy Street,Queens,40.771326,-73.903913
Purdy Street,Wolcott Avenue,Queens,40.773158,-73.901678
Purdy Street,Winthrop Avenue,Queens,40.774940,-73.899516
Purdy Street,Riker Avenue,Queens,40.776746,-73.897280
Purdy Street,Shore Road,Queens,40.773933,-73.900733
13th Avenue,Old Newtown Road,Queens,40.760149,-73.914734
Fourteenth Avenue,Old Newtown Road,Queens,40.759381,-73.914271
15th Avenue,Old Newtown Road,Queens,40.758606,-73.913789
15th Avenue,Potter Avenue,Queens,40.769056,-73.905348
15th Avenue,Ditmars Avenue,Queens,40.770822,-73.903195
15th Avenue,Wolcott Avenue,Queens,40.772648,-73.900949
15th Avenue,Winthrop Avenue,Queens,40.774426,-73.898789
15th Avenue,Riker Avenue,Queens,40.776249,-73.896573
15th Avenue,Shore Road,Queens,40.773512,-73.899909
16th Avenue,Old Newtown Road,Queens,40.757836,-73.913309
16th Avenue,Potter Avenue,Queens,40.768546,-73.904638
16th Avenue,Ditmars Avenue,Queens,40.770319,-73.902479
16th Avenue,Wolcott Avenue,Queens,40.772151,-73.900240
16th Avenue,Winthrop Avenue,Queens,40.773919,-73.898072
16th Avenue,Riker Avenue,Queens,40.775742,-73.895853
16th Avenue,Shore Road,Queens,40.773088,-73.899096
17th Avenue,Old Newtown Road,Queens,40.757072,-73.912831
17th Avenue,Ditmars Avenue,Queens,40.769821,-73.901769
17th Avenue,Wolcott Avenue,Queens,40.771649,-73.899523
17th Avenue,Winthrop Avenue,Queens,40.773412,-73.897359
17th Avenue,Riker Avenue,Queens,40.775237,-73.895142
17th Avenue,Shore Road,Queens,40.772658,-73.898285
18th Avenue,Old Newtown Road,Queens,40.756216,-73.912394
18th Avenue,Ditmars Avenue,Queens,40.769309,-73.901041
18th Avenue,Wolcott Avenue,Queens,40.771141,-73.898818
18th Avenue,Winthrop Avenue,Queens,40.772914,-73.896659
18th Avenue,Riker Avenue,Queens,40.774732,-73.894432
19th Avenue,Old Newtown Road,Queens,40.755396,-73.911965
19th Avenue,Ditmars Avenue,Queens,40.768813,-73.900329
19th Avenue,Wolcott Avenue,Queens,40.770630,-73.898108
19th Avenue,Winthrop Avenue,Queens,40.772413,-73.895953
19th Avenue,Riker Avenue,Queens,40.774239,-73.893739
20th Avenue,Old Newtown Road,Queens,40.754578,-73.911550
Ditmars Avenue,Old Bowery Bay Road,Queens,40.768710,-73.900181
Old Bowery Bay Road,Wolcott Avenue,Queens,40.770452,-73.897861
Old Bowery Bay Road,Winthrop Avenue,Queens,40.771869,-73.895187
Old Bowery Bay Road,Riker Avenue,Queens,40.773130,-73.890497
